contribution_id,user_id,type,category,description,location,status
1,187,DONATION,Education,I want to offer support related to education for people in need,Chennai,OPEN
2,59,DONATION,Disaster Relief,I want to offer support related to disaster relief for people in need,Chennai,CLOSED
3,76,SERVICE,Clothing,I want to offer support related to clothing for people in need,Chennai,CLOSED
4,85,SERVICE,Community Development,I want to offer support related to community development for people in need,Chennai,CLOSED
5,31,SERVICE,Food,I want to offer support related to food for people in need,Madurai,CLOSED
6,165,SERVICE,Community Development,I want to offer support related to community development for people in need,Coimbatore,CLOSED
7,147,SERVICE,Healthcare,I want to offer support related to healthcare for people in need,Madurai,CLOSED
8,30,DONATION,Community Development,I want to offer support related to community development for people in need,Trichy,CLOSED
9,232,DONATION,Clothing,I want to offer support related to clothing for people in need,Madurai,OPEN
10,261,SERVICE,Food,I want to offer support related to food for people in need,Chennai,CLOSED
11,143,DONATION,Disaster Relief,I want to offer support related to disaster relief for people in need,Bangalore,OPEN
12,139,SERVICE,Education,I want to offer support related to education for people in need,Bangalore,OPEN
13,272,DONATION,Disaster Relief,I want to offer support related to disaster relief for people in need,Coimbatore,CLOSED
14,261,SERVICE,Education,I want to offer support related to education for people in need,Chennai,OPEN
15,267,SERVICE,Food,I want to offer support related to food for people in need,Madurai,OPEN
16,176,SERVICE,Food,I want to offer support related to food for people in need,Chennai,OPEN
17,74,DONATION,Education,I want to offer support related to education for people in need,Coimbatore,CLOSED
18,95,DONATION,Healthcare,I want to offer support related to healthcare for people in need,Bangalore,OPEN
19,122,SERVICE,Clothing,I want to offer support related to clothing for people in need,Trichy,OPEN
20,47,SERVICE,Community Development,I want to offer support related to community development for people in need,Bangalore,CLOSED
21,192,DONATION,Healthcare,I want to offer support related to healthcare for people in need,Trichy,OPEN
22,93,SERVICE,Community Development,I want to offer support related to community development for people in need,Coimbatore,OPEN
23,218,DONATION,Clothing,I want to offer support related to clothing for people in need,Trichy,OPEN
24,41,DONATION,Disaster Relief,I want to offer support related to disaster relief for people in need,Bangalore,OPEN
25,169,DONATION,Clothing,I want to offer support related to clothing for people in need,Madurai,CLOSED
26,243,SERVICE,Healthcare,I want to offer support related to healthcare for people in need,Chennai,OPEN
27,2,DONATION,Disaster Relief,I want to offer support related to disaster relief for people in need,Bangalore,CLOSED
28,205,SERVICE,Healthcare,I want to offer support related to healthcare for people in need,Madurai,CLOSED
29,49,SERVICE,Education,I want to offer support related to education for people in need,Trichy,OPEN
30,53,SERVICE,Education,I want to offer support related to education for people in need,Bangalore,CLOSED
31,281,DONATION,Healthcare,I want to offer support related to healthcare for people in need,Coimbatore,CLOSED
32,216,DONATION,Community Development,I want to offer support related to community development for people in need,Madurai,CLOSED
33,49,DONATION,Community Development,I want to offer support related to community development for people in need,Trichy,CLOSED
34,20,DONATION,Education,I want to offer support related to education for people in need,Coimbatore,CLOSED
35,270,SERVICE,Disaster Relief,I want to offer support related to disaster relief for people in need,Trichy,OPEN
36,133,DONATION,Clothing,I want to offer support related to clothing for people in need,Coimbatore,CLOSED
37,216,DONATION,Education,I want to offer support related to education for people in need,Chennai,OPEN
38,107,SERVICE,Clothing,I want to offer support related to clothing for people in need,Madurai,OPEN
39,228,SERVICE,Healthcare,I want to offer support related to healthcare for people in need,Madurai,OPEN
40,81,DONATION,Community Development,I want to offer support related to community development for people in need,Bangalore,CLOSED
41,169,SERVICE,Food,I want to offer support related to food for people in need,Madurai,OPEN
42,246,DONATION,Community Development,I want to offer support related to community development for people in need,Coimbatore,CLOSED
43,167,SERVICE,Education,I want to offer support related to education for people in need,Madurai,CLOSED
44,111,DONATION,Food,I want to offer support related to food for people in need,Madurai,CLOSED
45,214,DONATION,Food,I want to offer support related to food for people in need,Coimbatore,OPEN
46,107,DONATION,Clothing,I want to offer support related to clothing for people in need,Madurai,CLOSED
47,68,DONATION,Food,I want to offer support related to food for people in need,Coimbatore,CLOSED
48,260,DONATION,Food,I want to offer support related to food for people in need,Trichy,CLOSED
49,269,SERVICE,Healthcare,I want to offer support related to healthcare for people in need,Coimbatore,OPEN
50,148,SERVICE,Clothing,I want to offer support related to clothing for people in need,Chennai,CLOSED
51,97,SERVICE,Food,I want to offer support related to food for people in need,Madurai,CLOSED
52,245,SERVICE,Education,I want to offer support related to education for people in need,Bangalore,CLOSED
53,296,SERVICE,Healthcare,I want to offer support related to healthcare for people in need,Madurai,CLOSED
54,164,SERVICE,Education,I want to offer support related to education for people in need,Coimbatore,CLOSED
55,144,SERVICE,Disaster Relief,I want to offer support related to disaster relief for people in need,Chennai,CLOSED
56,104,DONATION,Food,I want to offer support related to food for people in need,Madurai,OPEN
57,57,SERVICE,Education,I want to offer support related to education for people in need,Bangalore,CLOSED
58,70,SERVICE,Disaster Relief,I want to offer support related to disaster relief for people in need,Chennai,OPEN
59,221,DONATION,Education,I want to offer support related to education for people in need,Chennai,CLOSED
60,65,SERVICE,Education,I want to offer support related to education for people in need,Coimbatore,OPEN
61,288,SERVICE,Food,I want to offer support related to food for people in need,Madurai,CLOSED
62,232,SERVICE,Disaster Relief,I want to offer support related to disaster relief for people in need,Chennai,OPEN
63,71,DONATION,Food,I want to offer support related to food for people in need,Bangalore,OPEN
64,25,SERVICE,Food,I want to offer support related to food for people in need,Coimbatore,CLOSED
65,174,DONATION,Community Development,I want to offer support related to community development for people in need,Madurai,OPEN
66,75,SERVICE,Healthcare,I want to offer support related to healthcare for people in need,Coimbatore,OPEN
67,279,DONATION,Clothing,I want to offer support related to clothing for people in need,Chennai,CLOSED
68,38,DONATION,Education,I want to offer support related to education for people in need,Coimbatore,CLOSED
69,95,SERVICE,Education,I want to offer support related to education for people in need,Coimbatore,OPEN
70,278,SERVICE,Disaster Relief,I want to offer support related to disaster relief for people in need,Coimbatore,OPEN
71,57,DONATION,Clothing,I want to offer support related to clothing for people in need,Coimbatore,CLOSED
72,288,SERVICE,Education,I want to offer support related to education for people in need,Madurai,CLOSED
73,170,DONATION,Food,I want to offer support related to food for people in need,Bangalore,CLOSED
74,158,DONATION,Clothing,I want to offer support related to clothing for people in need,Coimbatore,OPEN
75,23,DONATION,Education,I want to offer support related to education for people in need,Chennai,OPEN
76,41,DONATION,Community Development,I want to offer support related to community development for people in need,Trichy,OPEN
77,51,DONATION,Food,I want to offer support related to food for people in need,Madurai,OPEN
78,254,DONATION,Healthcare,I want to offer support related to healthcare for people in need,Madurai,CLOSED
79,259,SERVICE,Food,I want to offer support related to food for people in need,Trichy,OPEN
80,67,DONATION,Food,I want to offer support related to food for people in need,Trichy,OPEN
81,86,DONATION,Community Development,I want to offer support related to community development for people in need,Trichy,OPEN
82,41,DONATION,Community Development,I want to offer support related to community development for people in need,Coimbatore,OPEN
83,159,DONATION,Education,I want to offer support related to education for people in need,Trichy,CLOSED
84,253,DONATION,Disaster Relief,I want to offer support related to disaster relief for people in need,Coimbatore,OPEN
85,7,SERVICE,Community Development,I want to offer support related to community development for people in need,Coimbatore,CLOSED
86,25,DONATION,Clothing,I want to offer support related to clothing for people in need,Trichy,OPEN
87,9,DONATION,Healthcare,I want to offer support related to healthcare for people in need,Coimbatore,OPEN
88,13,DONATION,Education,I want to offer support related to education for people in need,Madurai,CLOSED
89,239,DONATION,Community Development,I want to offer support related to community development for people in need,Trichy,OPEN
90,161,DONATION,Disaster Relief,I want to offer support related to disaster relief for people in need,Madurai,CLOSED
91,239,SERVICE,Healthcare,I want to offer support related to healthcare for people in need,Chennai,OPEN
92,141,DONATION,Healthcare,I want to offer support related to healthcare for people in need,Bangalore,CLOSED
93,211,SERVICE,Disaster Relief,I want to offer support related to disaster relief for people in need,Trichy,CLOSED
94,49,DONATION,Education,I want to offer support related to education for people in need,Coimbatore,CLOSED
95,144,SERVICE,Education,I want to offer support related to education for people in need,Chennai,OPEN
96,260,DONATION,Healthcare,I want to offer support related to healthcare for people in need,Chennai,CLOSED
97,115,SERVICE,Food,I want to offer support related to food for people in need,Bangalore,CLOSED
98,144,DONATION,Healthcare,I want to offer support related to healthcare for people in need,Bangalore,CLOSED
99,11,SERVICE,Disaster Relief,I want to offer support related to disaster relief for people in need,Coimbatore,CLOSED
100,171,DONATION,Community Development,I want to offer support related to community development for people in need,Trichy,CLOSED
101,7,DONATION,Food,I want to offer support related to food for people in need,Madurai,CLOSED
102,8,SERVICE,Community Development,I want to offer support related to community development for people in need,Bangalore,OPEN
103,25,DONATION,Clothing,I want to offer support related to clothing for people in need,Chennai,OPEN
104,112,SERVICE,Healthcare,I want to offer support related to healthcare for people in need,Trichy,CLOSED
105,197,SERVICE,Food,I want to offer support related to food for people in need,Trichy,OPEN
106,278,DONATION,Disaster Relief,I want to offer support related to disaster relief for people in need,Coimbatore,OPEN
107,264,DONATION,Healthcare,I want to offer support related to healthcare for people in need,Madurai,OPEN
108,116,DONATION,Food,I want to offer support related to food for people in need,Chennai,CLOSED
109,206,SERVICE,Clothing,I want to offer support related to clothing for people in need,Trichy,CLOSED
110,168,SERVICE,Food,I want to offer support related to food for people in need,Madurai,CLOSED
111,124,SERVICE,Food,I want to offer support related to food for people in need,Bangalore,OPEN
112,70,DONATION,Community Development,I want to offer support related to community development for people in need,Trichy,CLOSED
113,7,DONATION,Community Development,I want to offer support related to community development for people in need,Chennai,OPEN
114,300,SERVICE,Disaster Relief,I want to offer support related to disaster relief for people in need,Madurai,OPEN
115,139,DONATION,Disaster Relief,I want to offer support related to disaster relief for people in need,Coimbatore,OPEN
116,254,SERVICE,Community Development,I want to offer support related to community development for people in need,Coimbatore,CLOSED
117,174,SERVICE,Education,I want to offer support related to education for people in need,Chennai,OPEN
118,18,DONATION,Community Development,I want to offer support related to community development for people in need,Bangalore,OPEN
119,94,SERVICE,Clothing,I want to offer support related to clothing for people in need,Trichy,CLOSED
120,234,SERVICE,Clothing,I want to offer support related to clothing for people in need,Coimbatore,CLOSED
121,106,DONATION,Community Development,I want to offer support related to community development for people in need,Bangalore,CLOSED
122,166,DONATION,Clothing,I want to offer support related to clothing for people in need,Coimbatore,CLOSED
123,119,DONATION,Healthcare,I want to offer support related to healthcare for people in need,Bangalore,CLOSED
124,164,SERVICE,Disaster Relief,I want to offer support related to disaster relief for people in need,Chennai,OPEN
125,268,SERVICE,Healthcare,I want to offer support related to healthcare for people in need,Trichy,OPEN
126,203,SERVICE,Disaster Relief,I want to offer support related to disaster relief for people in need,Chennai,OPEN
127,191,DONATION,Education,I want to offer support related to education for people in need,Trichy,CLOSED
128,72,DONATION,Clothing,I want to offer support related to clothing for people in need,Coimbatore,CLOSED
129,16,DONATION,Disaster Relief,I want to offer support related to disaster relief for people in need,Bangalore,CLOSED
130,200,DONATION,Community Development,I want to offer support related to community development for people in need,Madurai,CLOSED
131,163,DONATION,Community Development,I want to offer support related to community development for people in need,Chennai,OPEN
132,19,DONATION,Food,I want to offer support related to food for people in need,Coimbatore,CLOSED
133,29,DONATION,Healthcare,I want to offer support related to healthcare for people in need,Bangalore,CLOSED
134,46,SERVICE,Food,I want to offer support related to food for people in need,Bangalore,OPEN
135,294,DONATION,Healthcare,I want to offer support related to healthcare for people in need,Coimbatore,OPEN
136,275,DONATION,Food,I want to offer support related to food for people in need,Trichy,OPEN
137,30,DONATION,Disaster Relief,I want to offer support related to disaster relief for people in need,Chennai,CLOSED
138,162,SERVICE,Disaster Relief,I want to offer support related to disaster relief for people in need,Madurai,CLOSED
139,84,SERVICE,Education,I want to offer support related to education for people in need,Bangalore,OPEN
140,79,DONATION,Disaster Relief,I want to offer support related to disaster relief for people in need,Trichy,CLOSED
141,152,DONATION,Clothing,I want to offer support related to clothing for people in need,Chennai,OPEN
142,95,DONATION,Healthcare,I want to offer support related to healthcare for people in need,Madurai,OPEN
143,203,SERVICE,Disaster Relief,I want to offer support related to disaster relief for people in need,Coimbatore,OPEN
144,107,DONATION,Clothing,I want to offer support related to clothing for people in need,Madurai,CLOSED
145,248,DONATION,Food,I want to offer support related to food for people in need,Bangalore,OPEN
146,40,SERVICE,Disaster Relief,I want to offer support related to disaster relief for people in need,Trichy,OPEN
147,107,SERVICE,Education,I want to offer support related to education for people in need,Coimbatore,CLOSED
148,198,SERVICE,Healthcare,I want to offer support related to healthcare for people in need,Coimbatore,CLOSED
149,206,DONATION,Clothing,I want to offer support related to clothing for people in need,Chennai,CLOSED
150,180,DONATION,Clothing,I want to offer support related to clothing for people in need,Trichy,CLOSED
151,241,SERVICE,Food,I want to offer support related to food for people in need,Trichy,CLOSED
152,135,SERVICE,Healthcare,I want to offer support related to healthcare for people in need,Bangalore,OPEN
153,259,DONATION,Education,I want to offer support related to education for people in need,Madurai,CLOSED
154,241,SERVICE,Disaster Relief,I want to offer support related to disaster relief for people in need,Madurai,CLOSED
155,300,SERVICE,Healthcare,I want to offer support related to healthcare for people in need,Chennai,OPEN
156,175,DONATION,Community Development,I want to offer support related to community development for people in need,Trichy,OPEN
157,15,SERVICE,Community Development,I want to offer support related to community development for people in need,Bangalore,CLOSED
158,70,SERVICE,Education,I want to offer support related to education for people in need,Madurai,CLOSED
159,257,SERVICE,Disaster Relief,I want to offer support related to disaster relief for people in need,Chennai,CLOSED
160,44,SERVICE,Education,I want to offer support related to education for people in need,Trichy,OPEN
161,107,DONATION,Clothing,I want to offer support related to clothing for people in need,Madurai,CLOSED
162,149,SERVICE,Clothing,I want to offer support related to clothing for people in need,Chennai,OPEN
163,81,DONATION,Clothing,I want to offer support related to clothing for people in need,Coimbatore,CLOSED
164,83,SERVICE,Healthcare,I want to offer support related to healthcare for people in need,Trichy,CLOSED
165,240,DONATION,Education,I want to offer support related to education for people in need,Madurai,OPEN
166,23,DONATION,Community Development,I want to offer support related to community development for people in need,Trichy,CLOSED
167,167,SERVICE,Education,I want to offer support related to education for people in need,Bangalore,CLOSED
168,154,DONATION,Clothing,I want to offer support related to clothing for people in need,Trichy,CLOSED
169,192,SERVICE,Clothing,I want to offer support related to clothing for people in need,Trichy,CLOSED
170,283,SERVICE,Disaster Relief,I want to offer support related to disaster relief for people in need,Madurai,OPEN
171,8,DONATION,Education,I want to offer support related to education for people in need,Trichy,CLOSED
172,92,DONATION,Disaster Relief,I want to offer support related to disaster relief for people in need,Coimbatore,OPEN
173,58,SERVICE,Healthcare,I want to offer support related to healthcare for people in need,Bangalore,OPEN
174,290,DONATION,Food,I want to offer support related to food for people in need,Bangalore,OPEN
175,114,DONATION,Clothing,I want to offer support related to clothing for people in need,Trichy,OPEN
176,160,DONATION,Clothing,I want to offer support related to clothing for people in need,Bangalore,CLOSED
177,245,DONATION,Education,I want to offer support related to education for people in need,Madurai,OPEN
178,210,DONATION,Healthcare,I want to offer support related to healthcare for people in need,Madurai,CLOSED
179,239,SERVICE,Community Development,I want to offer support related to community development for people in need,Coimbatore,CLOSED
180,59,DONATION,Clothing,I want to offer support related to clothing for people in need,Trichy,CLOSED
181,279,SERVICE,Education,I want to offer support related to education for people in need,Coimbatore,CLOSED
182,297,DONATION,Healthcare,I want to offer support related to healthcare for people in need,Coimbatore,CLOSED
183,198,DONATION,Healthcare,I want to offer support related to healthcare for people in need,Coimbatore,OPEN
184,260,SERVICE,Education,I want to offer support related to education for people in need,Madurai,OPEN
185,92,SERVICE,Community Development,I want to offer support related to community development for people in need,Trichy,OPEN
186,155,SERVICE,Disaster Relief,I want to offer support related to disaster relief for people in need,Coimbatore,CLOSED
187,135,DONATION,Disaster Relief,I want to offer support related to disaster relief for people in need,Coimbatore,OPEN
188,177,DONATION,Clothing,I want to offer support related to clothing for people in need,Chennai,CLOSED
189,103,DONATION,Disaster Relief,I want to offer support related to disaster relief for people in need,Madurai,OPEN
190,189,DONATION,Food,I want to offer support related to food for people in need,Madurai,CLOSED
191,153,DONATION,Food,I want to offer support related to food for people in need,Bangalore,OPEN
192,30,SERVICE,Healthcare,I want to offer support related to healthcare for people in need,Chennai,OPEN
193,202,SERVICE,Education,I want to offer support related to education for people in need,Bangalore,OPEN
194,152,DONATION,Food,I want to offer support related to food for people in need,Coimbatore,OPEN
195,34,SERVICE,Education,I want to offer support related to education for people in need,Trichy,OPEN
196,101,SERVICE,Clothing,I want to offer support related to clothing for people in need,Chennai,OPEN
197,195,DONATION,Food,I want to offer support related to food for people in need,Coimbatore,CLOSED
198,282,DONATION,Food,I want to offer support related to food for people in need,Coimbatore,OPEN
199,39,SERVICE,Clothing,I want to offer support related to clothing for people in need,Bangalore,CLOSED
200,112,DONATION,Healthcare,I want to offer support related to healthcare for people in need,Madurai,OPEN
201,293,DONATION,Clothing,I want to offer support related to clothing for people in need,Madurai,OPEN
202,65,SERVICE,Education,I want to offer support related to education for people in need,Coimbatore,CLOSED
203,83,DONATION,Clothing,I want to offer support related to clothing for people in need,Chennai,OPEN
204,187,DONATION,Food,I want to offer support related to food for people in need,Trichy,OPEN
205,233,DONATION,Food,I want to offer support related to food for people in need,Madurai,OPEN
206,162,DONATION,Healthcare,I want to offer support related to healthcare for people in need,Coimbatore,CLOSED
207,280,SERVICE,Community Development,I want to offer support related to community development for people in need,Chennai,OPEN
208,155,SERVICE,Disaster Relief,I want to offer support related to disaster relief for people in need,Madurai,OPEN
209,94,DONATION,Food,I want to offer support related to food for people in need,Trichy,OPEN
210,293,DONATION,Education,I want to offer support related to education for people in need,Trichy,OPEN
211,82,DONATION,Food,I want to offer support related to food for people in need,Trichy,OPEN
212,267,SERVICE,Food,I want to offer support related to food for people in need,Bangalore,CLOSED
213,176,DONATION,Healthcare,I want to offer support related to healthcare for people in need,Madurai,CLOSED
214,299,DONATION,Disaster Relief,I want to offer support related to disaster relief for people in need,Coimbatore,OPEN
215,38,DONATION,Food,I want to offer support related to food for people in need,Trichy,CLOSED
216,60,DONATION,Food,I want to offer support related to food for people in need,Bangalore,CLOSED
217,85,DONATION,Disaster Relief,I want to offer support related to disaster relief for people in need,Bangalore,CLOSED
218,297,SERVICE,Education,I want to offer support related to education for people in need,Bangalore,CLOSED
219,6,SERVICE,Food,I want to offer support related to food for people in need,Chennai,OPEN
220,262,DONATION,Education,I want to offer support related to education for people in need,Bangalore,OPEN
221,215,SERVICE,Education,I want to offer support related to education for people in need,Trichy,CLOSED
222,157,SERVICE,Clothing,I want to offer support related to clothing for people in need,Chennai,OPEN
223,172,DONATION,Food,I want to offer support related to food for people in need,Trichy,OPEN
224,165,DONATION,Community Development,I want to offer support related to community development for people in need,Trichy,OPEN
225,246,SERVICE,Education,I want to offer support related to education for people in need,Bangalore,CLOSED
226,280,DONATION,Disaster Relief,I want to offer support related to disaster relief for people in need,Madurai,OPEN
227,267,DONATION,Food,I want to offer support related to food for people in need,Coimbatore,OPEN
228,175,DONATION,Community Development,I want to offer support related to community development for people in need,Chennai,OPEN
229,271,SERVICE,Community Development,I want to offer support related to community development for people in need,Madurai,CLOSED
230,58,SERVICE,Healthcare,I want to offer support related to healthcare for people in need,Madurai,OPEN
231,69,DONATION,Education,I want to offer support related to education for people in need,Coimbatore,OPEN
232,239,DONATION,Community Development,I want to offer support related to community development for people in need,Trichy,OPEN
233,31,DONATION,Education,I want to offer support related to education for people in need,Chennai,OPEN
234,6,SERVICE,Food,I want to offer support related to food for people in need,Chennai,OPEN
235,212,SERVICE,Clothing,I want to offer support related to clothing for people in need,Bangalore,OPEN
236,55,DONATION,Food,I want to offer support related to food for people in need,Chennai,OPEN
237,104,DONATION,Clothing,I want to offer support related to clothing for people in need,Coimbatore,CLOSED
238,37,SERVICE,Disaster Relief,I want to offer support related to disaster relief for people in need,Bangalore,OPEN
239,252,SERVICE,Community Development,I want to offer support related to community development for people in need,Bangalore,CLOSED
240,244,SERVICE,Community Development,I want to offer support related to community development for people in need,Madurai,CLOSED
241,136,SERVICE,Food,I want to offer support related to food for people in need,Madurai,CLOSED
242,139,DONATION,Disaster Relief,I want to offer support related to disaster relief for people in need,Chennai,OPEN
243,180,SERVICE,Education,I want to offer support related to education for people in need,Coimbatore,CLOSED
244,188,SERVICE,Education,I want to offer support related to education for people in need,Madurai,OPEN
245,43,SERVICE,Education,I want to offer support related to education for people in need,Trichy,OPEN
246,92,DONATION,Food,I want to offer support related to food for people in need,Coimbatore,OPEN
247,240,DONATION,Food,I want to offer support related to food for people in need,Trichy,CLOSED
248,23,SERVICE,Disaster Relief,I want to offer support related to disaster relief for people in need,Bangalore,OPEN
249,51,SERVICE,Clothing,I want to offer support related to clothing for people in need,Madurai,OPEN
250,133,SERVICE,Education,I want to offer support related to education for people in need,Bangalore,OPEN
251,235,SERVICE,Clothing,I want to offer support related to clothing for people in need,Madurai,OPEN
252,242,DONATION,Clothing,I want to offer support related to clothing for people in need,Madurai,OPEN
253,19,SERVICE,Clothing,I want to offer support related to clothing for people in need,Madurai,CLOSED
254,252,SERVICE,Food,I want to offer support related to food for people in need,Bangalore,OPEN
255,17,SERVICE,Education,I want to offer support related to education for people in need,Madurai,OPEN
256,265,DONATION,Clothing,I want to offer support related to clothing for people in need,Bangalore,OPEN
257,34,DONATION,Disaster Relief,I want to offer support related to disaster relief for people in need,Chennai,OPEN
258,239,DONATION,Food,I want to offer support related to food for people in need,Coimbatore,CLOSED
259,130,SERVICE,Food,I want to offer support related to food for people in need,Madurai,CLOSED
260,53,DONATION,Community Development,I want to offer support related to community development for people in need,Coimbatore,CLOSED
261,257,SERVICE,Education,I want to offer support related to education for people in need,Madurai,CLOSED
262,190,SERVICE,Clothing,I want to offer support related to clothing for people in need,Bangalore,CLOSED
263,42,SERVICE,Healthcare,I want to offer support related to healthcare for people in need,Chennai,OPEN
264,148,DONATION,Community Development,I want to offer support related to community development for people in need,Bangalore,CLOSED
265,241,DONATION,Food,I want to offer support related to food for people in need,Coimbatore,OPEN
266,234,SERVICE,Clothing,I want to offer support related to clothing for people in need,Madurai,CLOSED
267,54,DONATION,Disaster Relief,I want to offer support related to disaster relief for people in need,Coimbatore,OPEN
268,175,DONATION,Disaster Relief,I want to offer support related to disaster relief for people in need,Coimbatore,CLOSED
269,1,DONATION,Disaster Relief,I want to offer support related to disaster relief for people in need,Chennai,CLOSED
270,34,DONATION,Food,I want to offer support related to food for people in need,Coimbatore,CLOSED
271,179,DONATION,Education,I want to offer support related to education for people in need,Bangalore,OPEN
272,249,DONATION,Clothing,I want to offer support related to clothing for people in need,Bangalore,OPEN
273,141,SERVICE,Clothing,I want to offer support related to clothing for people in need,Bangalore,OPEN
274,182,SERVICE,Education,I want to offer support related to education for people in need,Trichy,OPEN
275,1,SERVICE,Clothing,I want to offer support related to clothing for people in need,Coimbatore,OPEN
276,216,DONATION,Food,I want to offer support related to food for people in need,Trichy,OPEN
277,127,DONATION,Healthcare,I want to offer support related to healthcare for people in need,Coimbatore,CLOSED
278,233,SERVICE,Community Development,I want to offer support related to community development for people in need,Madurai,OPEN
279,4,DONATION,Disaster Relief,I want to offer support related to disaster relief for people in need,Bangalore,OPEN
280,216,SERVICE,Food,I want to offer support related to food for people in need,Bangalore,OPEN
281,16,SERVICE,Clothing,I want to offer support related to clothing for people in need,Trichy,CLOSED
282,124,SERVICE,Healthcare,I want to offer support related to healthcare for people in need,Trichy,CLOSED
283,163,DONATION,Disaster Relief,I want to offer support related to disaster relief for people in need,Trichy,OPEN
284,190,DONATION,Healthcare,I want to offer support related to healthcare for people in need,Coimbatore,CLOSED
285,242,DONATION,Education,I want to offer support related to education for people in need,Trichy,CLOSED
286,176,DONATION,Community Development,I want to offer support related to community development for people in need,Bangalore,OPEN
287,64,DONATION,Clothing,I want to offer support related to clothing for people in need,Chennai,OPEN
288,169,SERVICE,Education,I want to offer support related to education for people in need,Madurai,OPEN
289,189,DONATION,Clothing,I want to offer support related to clothing for people in need,Trichy,CLOSED
290,15,SERVICE,Clothing,I want to offer support related to clothing for people in need,Coimbatore,OPEN
291,22,SERVICE,Food,I want to offer support related to food for people in need,Chennai,CLOSED
292,222,SERVICE,Disaster Relief,I want to offer support related to disaster relief for people in need,Chennai,CLOSED
293,181,SERVICE,Food,I want to offer support related to food for people in need,Trichy,CLOSED
294,35,DONATION,Food,I want to offer support related to food for people in need,Chennai,OPEN
295,207,SERVICE,Community Development,I want to offer support related to community development for people in need,Chennai,CLOSED
296,212,SERVICE,Disaster Relief,I want to offer support related to disaster relief for people in need,Trichy,CLOSED
297,177,DONATION,Food,I want to offer support related to food for people in need,Coimbatore,CLOSED
298,189,DONATION,Education,I want to offer support related to education for people in need,Trichy,CLOSED
299,212,DONATION,Community Development,I want to offer support related to community development for people in need,Chennai,OPEN
300,160,SERVICE,Disaster Relief,I want to offer support related to disaster relief for people in need,Trichy,CLOSED
301,104,SERVICE,Food,I want to offer support related to food for people in need,Trichy,CLOSED
302,107,DONATION,Healthcare,I want to offer support related to healthcare for people in need,Trichy,CLOSED
303,270,SERVICE,Community Development,I want to offer support related to community development for people in need,Bangalore,OPEN
304,144,DONATION,Disaster Relief,I want to offer support related to disaster relief for people in need,Chennai,CLOSED
305,92,SERVICE,Healthcare,I want to offer support related to healthcare for people in need,Bangalore,CLOSED
306,64,DONATION,Disaster Relief,I want to offer support related to disaster relief for people in need,Trichy,OPEN
307,226,DONATION,Clothing,I want to offer support related to clothing for people in need,Madurai,CLOSED
308,122,DONATION,Education,I want to offer support related to education for people in need,Bangalore,CLOSED
309,136,SERVICE,Community Development,I want to offer support related to community development for people in need,Madurai,OPEN
310,241,DONATION,Healthcare,I want to offer support related to healthcare for people in need,Madurai,CLOSED
311,286,DONATION,Healthcare,I want to offer support related to healthcare for people in need,Chennai,CLOSED
312,265,SERVICE,Disaster Relief,I want to offer support related to disaster relief for people in need,Coimbatore,CLOSED
313,48,SERVICE,Education,I want to offer support related to education for people in need,Bangalore,OPEN
314,236,DONATION,Community Development,I want to offer support related to community development for people in need,Trichy,CLOSED
315,71,DONATION,Community Development,I want to offer support related to community development for people in need,Coimbatore,OPEN
316,40,SERVICE,Healthcare,I want to offer support related to healthcare for people in need,Chennai,OPEN
317,279,DONATION,Education,I want to offer support related to education for people in need,Chennai,CLOSED
318,15,DONATION,Education,I want to offer support related to education for people in need,Madurai,OPEN
319,92,DONATION,Disaster Relief,I want to offer support related to disaster relief for people in need,Trichy,CLOSED
320,109,SERVICE,Disaster Relief,I want to offer support related to disaster relief for people in need,Coimbatore,CLOSED
321,269,SERVICE,Community Development,I want to offer support related to community development for people in need,Chennai,OPEN
322,232,SERVICE,Healthcare,I want to offer support related to healthcare for people in need,Coimbatore,CLOSED
323,156,DONATION,Food,I want to offer support related to food for people in need,Madurai,OPEN
324,54,DONATION,Clothing,I want to offer support related to clothing for people in need,Trichy,CLOSED
325,59,DONATION,Food,I want to offer support related to food for people in need,Coimbatore,CLOSED
326,67,SERVICE,Education,I want to offer support related to education for people in need,Trichy,CLOSED
327,139,SERVICE,Healthcare,I want to offer support related to healthcare for people in need,Bangalore,CLOSED
328,24,SERVICE,Community Development,I want to offer support related to community development for people in need,Madurai,OPEN
329,239,SERVICE,Disaster Relief,I want to offer support related to disaster relief for people in need,Trichy,OPEN
330,69,SERVICE,Education,I want to offer support related to education for people in need,Madurai,CLOSED
331,121,DONATION,Community Development,I want to offer support related to community development for people in need,Bangalore,CLOSED
332,42,DONATION,Community Development,I want to offer support related to community development for people in need,Bangalore,CLOSED
333,79,SERVICE,Education,I want to offer support related to education for people in need,Coimbatore,CLOSED
334,263,DONATION,Disaster Relief,I want to offer support related to disaster relief for people in need,Chennai,CLOSED
335,193,SERVICE,Food,I want to offer support related to food for people in need,Chennai,CLOSED
336,92,DONATION,Education,I want to offer support related to education for people in need,Madurai,CLOSED
337,100,SERVICE,Healthcare,I want to offer support related to healthcare for people in need,Chennai,CLOSED
338,263,SERVICE,Disaster Relief,I want to offer support related to disaster relief for people in need,Chennai,CLOSED
339,97,DONATION,Clothing,I want to offer support related to clothing for people in need,Trichy,OPEN
340,18,SERVICE,Food,I want to offer support related to food for people in need,Coimbatore,CLOSED
341,126,SERVICE,Community Development,I want to offer support related to community development for people in need,Coimbatore,CLOSED
342,103,DONATION,Community Development,I want to offer support related to community development for people in need,Chennai,OPEN
343,65,SERVICE,Community Development,I want to offer support related to community development for people in need,Chennai,OPEN
344,35,SERVICE,Healthcare,I want to offer support related to healthcare for people in need,Bangalore,CLOSED
345,289,DONATION,Education,I want to offer support related to education for people in need,Bangalore,CLOSED
346,282,DONATION,Community Development,I want to offer support related to community development for people in need,Madurai,OPEN
347,224,SERVICE,Food,I want to offer support related to food for people in need,Chennai,CLOSED
348,202,DONATION,Food,I want to offer support related to food for people in need,Bangalore,CLOSED
349,105,DONATION,Healthcare,I want to offer support related to healthcare for people in need,Coimbatore,OPEN
350,202,DONATION,Community Development,I want to offer support related to community development for people in need,Coimbatore,CLOSED
351,117,SERVICE,Community Development,I want to offer support related to community development for people in need,Coimbatore,CLOSED
352,105,DONATION,Healthcare,I want to offer support related to healthcare for people in need,Chennai,OPEN
353,240,SERVICE,Food,I want to offer support related to food for people in need,Madurai,OPEN
354,130,SERVICE,Disaster Relief,I want to offer support related to disaster relief for people in need,Madurai,OPEN
355,137,SERVICE,Healthcare,I want to offer support related to healthcare for people in need,Bangalore,OPEN
356,104,DONATION,Disaster Relief,I want to offer support related to disaster relief for people in need,Coimbatore,CLOSED
357,107,DONATION,Community Development,I want to offer support related to community development for people in need,Madurai,OPEN
358,151,SERVICE,Community Development,I want to offer support related to community development for people in need,Trichy,CLOSED
359,205,SERVICE,Disaster Relief,I want to offer support related to disaster relief for people in need,Madurai,CLOSED
360,78,SERVICE,Education,I want to offer support related to education for people in need,Coimbatore,CLOSED
361,47,SERVICE,Clothing,I want to offer support related to clothing for people in need,Coimbatore,CLOSED
362,269,SERVICE,Healthcare,I want to offer support related to healthcare for people in need,Madurai,OPEN
363,21,DONATION,Community Development,I want to offer support related to community development for people in need,Madurai,OPEN
364,104,SERVICE,Clothing,I want to offer support related to clothing for people in need,Bangalore,OPEN
365,186,DONATION,Food,I want to offer support related to food for people in need,Madurai,CLOSED
366,131,SERVICE,Education,I want to offer support related to education for people in need,Coimbatore,OPEN
367,277,SERVICE,Education,I want to offer support related to education for people in need,Madurai,OPEN
368,253,DONATION,Clothing,I want to offer support related to clothing for people in need,Chennai,CLOSED
369,299,DONATION,Education,I want to offer support related to education for people in need,Coimbatore,CLOSED
370,94,DONATION,Clothing,I want to offer support related to clothing for people in need,Trichy,OPEN
371,118,SERVICE,Healthcare,I want to offer support related to healthcare for people in need,Bangalore,CLOSED
372,135,SERVICE,Clothing,I want to offer support related to clothing for people in need,Chennai,CLOSED
373,95,SERVICE,Healthcare,I want to offer support related to healthcare for people in need,Bangalore,CLOSED
374,36,SERVICE,Community Development,I want to offer support related to community development for people in need,Coimbatore,CLOSED
375,253,SERVICE,Disaster Relief,I want to offer support related to disaster relief for people in need,Chennai,CLOSED
376,62,DONATION,Food,I want to offer support related to food for people in need,Trichy,OPEN
377,206,DONATION,Disaster Relief,I want to offer support related to disaster relief for people in need,Bangalore,CLOSED
378,296,SERVICE,Disaster Relief,I want to offer support related to disaster relief for people in need,Bangalore,OPEN
379,10,DONATION,Community Development,I want to offer support related to community development for people in need,Bangalore,CLOSED
380,87,DONATION,Food,I want to offer support related to food for people in need,Coimbatore,CLOSED
381,28,DONATION,Healthcare,I want to offer support related to healthcare for people in need,Chennai,CLOSED
382,54,SERVICE,Clothing,I want to offer support related to clothing for people in need,Madurai,CLOSED
383,259,SERVICE,Disaster Relief,I want to offer support related to disaster relief for people in need,Coimbatore,CLOSED
384,227,DONATION,Clothing,I want to offer support related to clothing for people in need,Bangalore,CLOSED
385,72,DONATION,Food,I want to offer support related to food for people in need,Trichy,CLOSED
386,294,DONATION,Healthcare,I want to offer support related to healthcare for people in need,Madurai,OPEN
387,14,DONATION,Healthcare,I want to offer support related to healthcare for people in need,Trichy,OPEN
388,148,DONATION,Education,I want to offer support related to education for people in need,Bangalore,OPEN
389,268,DONATION,Community Development,I want to offer support related to community development for people in need,Trichy,CLOSED
390,219,DONATION,Healthcare,I want to offer support related to healthcare for people in need,Chennai,CLOSED
391,156,DONATION,Community Development,I want to offer support related to community development for people in need,Chennai,CLOSED
392,259,SERVICE,Clothing,I want to offer support related to clothing for people in need,Bangalore,OPEN
393,62,DONATION,Community Development,I want to offer support related to community development for people in need,Trichy,CLOSED
394,220,SERVICE,Disaster Relief,I want to offer support related to disaster relief for people in need,Bangalore,CLOSED
395,201,DONATION,Disaster Relief,I want to offer support related to disaster relief for people in need,Trichy,OPEN
396,148,SERVICE,Education,I want to offer support related to education for people in need,Chennai,OPEN
397,263,SERVICE,Community Development,I want to offer support related to community development for people in need,Trichy,OPEN
398,55,SERVICE,Food,I want to offer support related to food for people in need,Madurai,CLOSED
399,55,DONATION,Community Development,I want to offer support related to community development for people in need,Chennai,CLOSED
400,167,SERVICE,Food,I want to offer support related to food for people in need,Trichy,CLOSED
401,45,DONATION,Education,I want to offer support related to education for people in need,Madurai,CLOSED
402,51,SERVICE,Disaster Relief,I want to offer support related to disaster relief for people in need,Madurai,OPEN
403,235,DONATION,Food,I want to offer support related to food for people in need,Bangalore,CLOSED
404,93,SERVICE,Community Development,I want to offer support related to community development for people in need,Trichy,CLOSED
405,253,DONATION,Disaster Relief,I want to offer support related to disaster relief for people in need,Trichy,CLOSED
406,290,DONATION,Community Development,I want to offer support related to community development for people in need,Madurai,OPEN
407,198,DONATION,Community Development,I want to offer support related to community development for people in need,Coimbatore,OPEN
408,269,DONATION,Clothing,I want to offer support related to clothing for people in need,Coimbatore,CLOSED
409,156,SERVICE,Community Development,I want to offer support related to community development for people in need,Coimbatore,CLOSED
410,226,DONATION,Education,I want to offer support related to education for people in need,Madurai,OPEN
411,252,DONATION,Community Development,I want to offer support related to community development for people in need,Bangalore,CLOSED
412,143,SERVICE,Food,I want to offer support related to food for people in need,Trichy,OPEN
413,248,SERVICE,Healthcare,I want to offer support related to healthcare for people in need,Coimbatore,OPEN
414,43,SERVICE,Healthcare,I want to offer support related to healthcare for people in need,Coimbatore,OPEN
415,253,DONATION,Healthcare,I want to offer support related to healthcare for people in need,Coimbatore,CLOSED
416,198,SERVICE,Healthcare,I want to offer support related to healthcare for people in need,Chennai,CLOSED
417,267,SERVICE,Healthcare,I want to offer support related to healthcare for people in need,Bangalore,OPEN
418,34,DONATION,Disaster Relief,I want to offer support related to disaster relief for people in need,Coimbatore,CLOSED
419,6,DONATION,Healthcare,I want to offer support related to healthcare for people in need,Chennai,CLOSED
420,173,SERVICE,Healthcare,I want to offer support related to healthcare for people in need,Chennai,OPEN
421,100,SERVICE,Food,I want to offer support related to food for people in need,Coimbatore,OPEN
422,229,DONATION,Clothing,I want to offer support related to clothing for people in need,Madurai,CLOSED
423,196,DONATION,Healthcare,I want to offer support related to healthcare for people in need,Bangalore,OPEN
424,125,DONATION,Education,I want to offer support related to education for people in need,Bangalore,OPEN
425,228,DONATION,Disaster Relief,I want to offer support related to disaster relief for people in need,Chennai,OPEN
426,282,DONATION,Healthcare,I want to offer support related to healthcare for people in need,Coimbatore,CLOSED
427,206,SERVICE,Community Development,I want to offer support related to community development for people in need,Madurai,CLOSED
428,6,SERVICE,Education,I want to offer support related to education for people in need,Madurai,CLOSED
429,120,DONATION,Food,I want to offer support related to food for people in need,Madurai,CLOSED
430,85,DONATION,Clothing,I want to offer support related to clothing for people in need,Chennai,CLOSED
431,77,SERVICE,Clothing,I want to offer support related to clothing for people in need,Coimbatore,CLOSED
432,55,SERVICE,Food,I want to offer support related to food for people in need,Madurai,CLOSED
433,277,DONATION,Education,I want to offer support related to education for people in need,Bangalore,OPEN
434,91,SERVICE,Clothing,I want to offer support related to clothing for people in need,Coimbatore,OPEN
435,160,DONATION,Clothing,I want to offer support related to clothing for people in need,Madurai,CLOSED
436,101,SERVICE,Food,I want to offer support related to food for people in need,Chennai,CLOSED
437,17,DONATION,Food,I want to offer support related to food for people in need,Bangalore,OPEN
438,11,SERVICE,Community Development,I want to offer support related to community development for people in need,Chennai,OPEN
439,255,DONATION,Education,I want to offer support related to education for people in need,Bangalore,CLOSED
440,26,DONATION,Food,I want to offer support related to food for people in need,Coimbatore,OPEN
441,163,SERVICE,Food,I want to offer support related to food for people in need,Coimbatore,CLOSED
442,217,DONATION,Healthcare,I want to offer support related to healthcare for people in need,Trichy,CLOSED
443,135,SERVICE,Disaster Relief,I want to offer support related to disaster relief for people in need,Chennai,CLOSED
444,88,SERVICE,Education,I want to offer support related to education for people in need,Trichy,OPEN
445,252,DONATION,Food,I want to offer support related to food for people in need,Madurai,CLOSED
446,117,SERVICE,Clothing,I want to offer support related to clothing for people in need,Trichy,OPEN
447,61,DONATION,Food,I want to offer support related to food for people in need,Coimbatore,CLOSED
448,12,DONATION,Disaster Relief,I want to offer support related to disaster relief for people in need,Trichy,OPEN
449,26,DONATION,Healthcare,I want to offer support related to healthcare for people in need,Chennai,CLOSED
450,41,DONATION,Clothing,I want to offer support related to clothing for people in need,Madurai,OPEN
451,31,SERVICE,Healthcare,I want to offer support related to healthcare for people in need,Coimbatore,OPEN
452,114,DONATION,Food,I want to offer support related to food for people in need,Trichy,CLOSED
453,123,DONATION,Healthcare,I want to offer support related to healthcare for people in need,Bangalore,CLOSED
454,215,SERVICE,Healthcare,I want to offer support related to healthcare for people in need,Chennai,OPEN
455,155,DONATION,Clothing,I want to offer support related to clothing for people in need,Trichy,CLOSED
456,2,SERVICE,Food,I want to offer support related to food for people in need,Chennai,OPEN
457,34,DONATION,Community Development,I want to offer support related to community development for people in need,Chennai,OPEN
458,43,DONATION,Community Development,I want to offer support related to community development for people in need,Coimbatore,CLOSED
459,89,SERVICE,Disaster Relief,I want to offer support related to disaster relief for people in need,Bangalore,CLOSED
460,184,DONATION,Healthcare,I want to offer support related to healthcare for people in need,Chennai,CLOSED
461,150,SERVICE,Clothing,I want to offer support related to clothing for people in need,Bangalore,OPEN
462,164,SERVICE,Clothing,I want to offer support related to clothing for people in need,Chennai,OPEN
463,16,DONATION,Community Development,I want to offer support related to community development for people in need,Trichy,CLOSED
464,261,DONATION,Disaster Relief,I want to offer support related to disaster relief for people in need,Bangalore,OPEN
465,163,SERVICE,Healthcare,I want to offer support related to healthcare for people in need,Bangalore,OPEN
466,15,DONATION,Education,I want to offer support related to education for people in need,Chennai,OPEN
467,37,SERVICE,Healthcare,I want to offer support related to healthcare for people in need,Bangalore,CLOSED
468,141,SERVICE,Clothing,I want to offer support related to clothing for people in need,Bangalore,OPEN
469,160,SERVICE,Education,I want to offer support related to education for people in need,Trichy,CLOSED
470,240,DONATION,Food,I want to offer support related to food for people in need,Coimbatore,OPEN
471,223,SERVICE,Community Development,I want to offer support related to community development for people in need,Trichy,OPEN
472,263,DONATION,Education,I want to offer support related to education for people in need,Chennai,CLOSED
473,159,SERVICE,Community Development,I want to offer support related to community development for people in need,Coimbatore,CLOSED
474,30,DONATION,Education,I want to offer support related to education for people in need,Chennai,OPEN
475,164,DONATION,Disaster Relief,I want to offer support related to disaster relief for people in need,Coimbatore,CLOSED
476,99,DONATION,Education,I want to offer support related to education for people in need,Trichy,CLOSED
477,89,DONATION,Healthcare,I want to offer support related to healthcare for people in need,Madurai,OPEN
478,135,SERVICE,Clothing,I want to offer support related to clothing for people in need,Madurai,OPEN
479,18,DONATION,Healthcare,I want to offer support related to healthcare for people in need,Bangalore,OPEN
480,137,SERVICE,Disaster Relief,I want to offer support related to disaster relief for people in need,Bangalore,CLOSED
481,163,SERVICE,Healthcare,I want to offer support related to healthcare for people in need,Bangalore,CLOSED
482,159,SERVICE,Clothing,I want to offer support related to clothing for people in need,Trichy,OPEN
483,239,SERVICE,Education,I want to offer support related to education for people in need,Trichy,CLOSED
484,287,DONATION,Community Development,I want to offer support related to community development for people in need,Bangalore,OPEN
485,208,SERVICE,Education,I want to offer support related to education for people in need,Madurai,OPEN
486,188,SERVICE,Food,I want to offer support related to food for people in need,Bangalore,OPEN
487,181,SERVICE,Food,I want to offer support related to food for people in need,Coimbatore,CLOSED
488,23,DONATION,Community Development,I want to offer support related to community development for people in need,Madurai,OPEN
489,295,DONATION,Healthcare,I want to offer support related to healthcare for people in need,Coimbatore,CLOSED
490,196,DONATION,Food,I want to offer support related to food for people in need,Chennai,OPEN
491,42,SERVICE,Clothing,I want to offer support related to clothing for people in need,Chennai,OPEN
492,130,DONATION,Clothing,I want to offer support related to clothing for people in need,Trichy,OPEN
493,151,SERVICE,Food,I want to offer support related to food for people in need,Chennai,CLOSED
494,271,DONATION,Disaster Relief,I want to offer support related to disaster relief for people in need,Trichy,CLOSED
495,99,SERVICE,Food,I want to offer support related to food for people in need,Bangalore,OPEN
496,259,DONATION,Clothing,I want to offer support related to clothing for people in need,Madurai,CLOSED
497,48,SERVICE,Disaster Relief,I want to offer support related to disaster relief for people in need,Bangalore,CLOSED
498,73,DONATION,Community Development,I want to offer support related to community development for people in need,Coimbatore,CLOSED
499,23,SERVICE,Clothing,I want to offer support related to clothing for people in need,Bangalore,CLOSED
500,284,DONATION,Food,I want to offer support related to food for people in need,Madurai,OPEN
501,267,SERVICE,Healthcare,I want to offer support related to healthcare for people in need,Chennai,CLOSED
502,221,SERVICE,Disaster Relief,I want to offer support related to disaster relief for people in need,Madurai,OPEN
503,1,SERVICE,Disaster Relief,I want to offer support related to disaster relief for people in need,Trichy,CLOSED
504,78,DONATION,Community Development,I want to offer support related to community development for people in need,Chennai,CLOSED
505,205,SERVICE,Disaster Relief,I want to offer support related to disaster relief for people in need,Madurai,CLOSED
506,186,SERVICE,Healthcare,I want to offer support related to healthcare for people in need,Madurai,OPEN
507,219,SERVICE,Food,I want to offer support related to food for people in need,Chennai,OPEN
508,170,SERVICE,Clothing,I want to offer support related to clothing for people in need,Coimbatore,OPEN
509,97,DONATION,Education,I want to offer support related to education for people in need,Madurai,CLOSED
510,91,SERVICE,Disaster Relief,I want to offer support related to disaster relief for people in need,Trichy,CLOSED
511,285,SERVICE,Education,I want to offer support related to education for people in need,Trichy,CLOSED
512,239,SERVICE,Education,I want to offer support related to education for people in need,Bangalore,CLOSED
513,78,SERVICE,Clothing,I want to offer support related to clothing for people in need,Trichy,OPEN
514,153,DONATION,Food,I want to offer support related to food for people in need,Chennai,OPEN
515,81,DONATION,Education,I want to offer support related to education for people in need,Trichy,OPEN
516,137,DONATION,Education,I want to offer support related to education for people in need,Coimbatore,OPEN
517,281,SERVICE,Food,I want to offer support related to food for people in need,Trichy,OPEN
518,174,DONATION,Disaster Relief,I want to offer support related to disaster relief for people in need,Madurai,OPEN
519,9,DONATION,Disaster Relief,I want to offer support related to disaster relief for people in need,Coimbatore,CLOSED
520,241,DONATION,Healthcare,I want to offer support related to healthcare for people in need,Madurai,OPEN
521,33,SERVICE,Community Development,I want to offer support related to community development for people in need,Coimbatore,CLOSED
522,4,DONATION,Healthcare,I want to offer support related to healthcare for people in need,Trichy,CLOSED
523,292,SERVICE,Healthcare,I want to offer support related to healthcare for people in need,Coimbatore,OPEN
524,173,DONATION,Clothing,I want to offer support related to clothing for people in need,Bangalore,OPEN
525,21,DONATION,Disaster Relief,I want to offer support related to disaster relief for people in need,Coimbatore,CLOSED
526,84,SERVICE,Community Development,I want to offer support related to community development for people in need,Trichy,CLOSED
527,138,DONATION,Healthcare,I want to offer support related to healthcare for people in need,Bangalore,OPEN
528,150,SERVICE,Clothing,I want to offer support related to clothing for people in need,Bangalore,OPEN
529,137,SERVICE,Community Development,I want to offer support related to community development for people in need,Coimbatore,CLOSED
530,176,SERVICE,Disaster Relief,I want to offer support related to disaster relief for people in need,Trichy,CLOSED
531,231,DONATION,Education,I want to offer support related to education for people in need,Bangalore,CLOSED
532,6,DONATION,Food,I want to offer support related to food for people in need,Chennai,CLOSED
533,188,SERVICE,Education,I want to offer support related to education for people in need,Coimbatore,CLOSED
534,133,DONATION,Education,I want to offer support related to education for people in need,Madurai,CLOSED
535,143,SERVICE,Disaster Relief,I want to offer support related to disaster relief for people in need,Madurai,OPEN
536,286,DONATION,Education,I want to offer support related to education for people in need,Trichy,OPEN
537,50,SERVICE,Community Development,I want to offer support related to community development for people in need,Madurai,OPEN
538,278,DONATION,Disaster Relief,I want to offer support related to disaster relief for people in need,Trichy,OPEN
539,175,DONATION,Education,I want to offer support related to education for people in need,Chennai,OPEN
540,47,SERVICE,Education,I want to offer support related to education for people in need,Trichy,OPEN
541,299,SERVICE,Food,I want to offer support related to food for people in need,Chennai,OPEN
542,104,SERVICE,Community Development,I want to offer support related to community development for people in need,Madurai,OPEN
543,99,SERVICE,Education,I want to offer support related to education for people in need,Madurai,OPEN
544,144,DONATION,Community Development,I want to offer support related to community development for people in need,Chennai,OPEN
545,86,DONATION,Clothing,I want to offer support related to clothing for people in need,Trichy,OPEN
546,43,DONATION,Community Development,I want to offer support related to community development for people in need,Madurai,CLOSED
547,84,SERVICE,Community Development,I want to offer support related to community development for people in need,Chennai,CLOSED
548,271,SERVICE,Food,I want to offer support related to food for people in need,Chennai,CLOSED
549,15,DONATION,Clothing,I want to offer support related to clothing for people in need,Madurai,CLOSED
550,59,SERVICE,Food,I want to offer support related to food for people in need,Chennai,OPEN
551,11,SERVICE,Education,I want to offer support related to education for people in need,Madurai,OPEN
552,247,SERVICE,Clothing,I want to offer support related to clothing for people in need,Madurai,OPEN
553,233,DONATION,Clothing,I want to offer support related to clothing for people in need,Chennai,CLOSED
554,60,DONATION,Education,I want to offer support related to education for people in need,Trichy,CLOSED
555,74,SERVICE,Disaster Relief,I want to offer support related to disaster relief for people in need,Coimbatore,OPEN
556,133,SERVICE,Disaster Relief,I want to offer support related to disaster relief for people in need,Bangalore,CLOSED
557,87,DONATION,Food,I want to offer support related to food for people in need,Trichy,OPEN
558,265,SERVICE,Education,I want to offer support related to education for people in need,Bangalore,CLOSED
559,15,SERVICE,Clothing,I want to offer support related to clothing for people in need,Trichy,CLOSED
560,53,SERVICE,Healthcare,I want to offer support related to healthcare for people in need,Bangalore,OPEN
561,80,DONATION,Clothing,I want to offer support related to clothing for people in need,Trichy,CLOSED
562,39,SERVICE,Disaster Relief,I want to offer support related to disaster relief for people in need,Bangalore,CLOSED
563,207,SERVICE,Disaster Relief,I want to offer support related to disaster relief for people in need,Trichy,OPEN
564,86,DONATION,Education,I want to offer support related to education for people in need,Bangalore,OPEN
565,96,DONATION,Clothing,I want to offer support related to clothing for people in need,Madurai,CLOSED
566,119,SERVICE,Community Development,I want to offer support related to community development for people in need,Bangalore,OPEN
567,299,DONATION,Clothing,I want to offer support related to clothing for people in need,Madurai,OPEN
568,46,SERVICE,Food,I want to offer support related to food for people in need,Chennai,CLOSED
569,114,DONATION,Clothing,I want to offer support related to clothing for people in need,Madurai,CLOSED
570,216,DONATION,Disaster Relief,I want to offer support related to disaster relief for people in need,Chennai,OPEN
571,228,SERVICE,Healthcare,I want to offer support related to healthcare for people in need,Bangalore,CLOSED
572,101,SERVICE,Healthcare,I want to offer support related to healthcare for people in need,Chennai,CLOSED
573,113,SERVICE,Education,I want to offer support related to education for people in need,Coimbatore,CLOSED
574,207,SERVICE,Healthcare,I want to offer support related to healthcare for people in need,Chennai,OPEN
575,131,SERVICE,Clothing,I want to offer support related to clothing for people in need,Chennai,CLOSED
576,62,SERVICE,Disaster Relief,I want to offer support related to disaster relief for people in need,Coimbatore,OPEN
577,248,SERVICE,Clothing,I want to offer support related to clothing for people in need,Chennai,CLOSED
578,123,SERVICE,Food,I want to offer support related to food for people in need,Bangalore,CLOSED
579,132,DONATION,Disaster Relief,I want to offer support related to disaster relief for people in need,Madurai,CLOSED
580,44,SERVICE,Education,I want to offer support related to education for people in need,Madurai,OPEN
581,1,DONATION,Education,I want to offer support related to education for people in need,Coimbatore,CLOSED
582,289,DONATION,Food,I want to offer support related to food for people in need,Coimbatore,CLOSED
583,239,SERVICE,Clothing,I want to offer support related to clothing for people in need,Trichy,CLOSED
584,62,DONATION,Healthcare,I want to offer support related to healthcare for people in need,Coimbatore,CLOSED
585,80,SERVICE,Disaster Relief,I want to offer support related to disaster relief for people in need,Madurai,OPEN
586,7,DONATION,Community Development,I want to offer support related to community development for people in need,Coimbatore,CLOSED
587,279,SERVICE,Disaster Relief,I want to offer support related to disaster relief for people in need,Trichy,CLOSED
588,213,DONATION,Education,I want to offer support related to education for people in need,Chennai,OPEN
589,133,SERVICE,Food,I want to offer support related to food for people in need,Bangalore,OPEN
590,166,SERVICE,Healthcare,I want to offer support related to healthcare for people in need,Madurai,OPEN
591,167,SERVICE,Disaster Relief,I want to offer support related to disaster relief for people in need,Chennai,OPEN
592,85,DONATION,Food,I want to offer support related to food for people in need,Coimbatore,CLOSED
593,202,DONATION,Clothing,I want to offer support related to clothing for people in need,Bangalore,CLOSED
594,162,SERVICE,Food,I want to offer support related to food for people in need,Chennai,OPEN
595,166,SERVICE,Healthcare,I want to offer support related to healthcare for people in need,Bangalore,CLOSED
596,36,SERVICE,Food,I want to offer support related to food for people in need,Coimbatore,CLOSED
597,68,DONATION,Food,I want to offer support related to food for people in need,Bangalore,CLOSED
598,36,SERVICE,Clothing,I want to offer support related to clothing for people in need,Bangalore,CLOSED
599,49,DONATION,Healthcare,I want to offer support related to healthcare for people in need,Bangalore,OPEN
600,159,SERVICE,Disaster Relief,I want to offer support related to disaster relief for people in need,Trichy,OPEN
601,23,SERVICE,Community Development,I want to offer support related to community development for people in need,Trichy,CLOSED
602,298,DONATION,Community Development,I want to offer support related to community development for people in need,Chennai,CLOSED
603,66,DONATION,Clothing,I want to offer support related to clothing for people in need,Chennai,CLOSED
604,234,SERVICE,Clothing,I want to offer support related to clothing for people in need,Chennai,OPEN
605,91,DONATION,Disaster Relief,I want to offer support related to disaster relief for people in need,Trichy,OPEN
606,45,DONATION,Disaster Relief,I want to offer support related to disaster relief for people in need,Coimbatore,OPEN
607,36,DONATION,Disaster Relief,I want to offer support related to disaster relief for people in need,Madurai,CLOSED
608,282,DONATION,Disaster Relief,I want to offer support related to disaster relief for people in need,Bangalore,OPEN
609,237,DONATION,Food,I want to offer support related to food for people in need,Coimbatore,CLOSED
610,45,SERVICE,Education,I want to offer support related to education for people in need,Madurai,OPEN
611,102,SERVICE,Food,I want to offer support related to food for people in need,Trichy,CLOSED
612,203,DONATION,Healthcare,I want to offer support related to healthcare for people in need,Trichy,OPEN
613,88,DONATION,Healthcare,I want to offer support related to healthcare for people in need,Bangalore,OPEN
614,134,DONATION,Healthcare,I want to offer support related to healthcare for people in need,Bangalore,OPEN
615,132,SERVICE,Healthcare,I want to offer support related to healthcare for people in need,Madurai,OPEN
616,218,DONATION,Disaster Relief,I want to offer support related to disaster relief for people in need,Trichy,OPEN
617,69,SERVICE,Community Development,I want to offer support related to community development for people in need,Madurai,OPEN
618,12,SERVICE,Food,I want to offer support related to food for people in need,Coimbatore,CLOSED
619,174,DONATION,Healthcare,I want to offer support related to healthcare for people in need,Bangalore,OPEN
620,276,SERVICE,Healthcare,I want to offer support related to healthcare for people in need,Trichy,OPEN
621,121,SERVICE,Community Development,I want to offer support related to community development for people in need,Coimbatore,OPEN
622,189,SERVICE,Clothing,I want to offer support related to clothing for people in need,Trichy,OPEN
623,128,DONATION,Food,I want to offer support related to food for people in need,Madurai,OPEN
624,55,DONATION,Community Development,I want to offer support related to community development for people in need,Madurai,OPEN
625,294,DONATION,Healthcare,I want to offer support related to healthcare for people in need,Trichy,CLOSED
626,140,SERVICE,Community Development,I want to offer support related to community development for people in need,Bangalore,CLOSED
627,51,SERVICE,Community Development,I want to offer support related to community development for people in need,Bangalore,OPEN
628,233,DONATION,Community Development,I want to offer support related to community development for people in need,Chennai,OPEN
629,299,SERVICE,Education,I want to offer support related to education for people in need,Madurai,CLOSED
630,223,DONATION,Food,I want to offer support related to food for people in need,Coimbatore,OPEN
631,224,DONATION,Education,I want to offer support related to education for people in need,Trichy,OPEN
632,180,SERVICE,Food,I want to offer support related to food for people in need,Bangalore,CLOSED
633,59,SERVICE,Disaster Relief,I want to offer support related to disaster relief for people in need,Madurai,CLOSED
634,40,SERVICE,Food,I want to offer support related to food for people in need,Madurai,CLOSED
635,92,DONATION,Healthcare,I want to offer support related to healthcare for people in need,Coimbatore,CLOSED
636,50,DONATION,Community Development,I want to offer support related to community development for people in need,Coimbatore,OPEN
637,77,DONATION,Clothing,I want to offer support related to clothing for people in need,Madurai,OPEN
638,136,DONATION,Food,I want to offer support related to food for people in need,Coimbatore,CLOSED
639,24,SERVICE,Clothing,I want to offer support related to clothing for people in need,Chennai,CLOSED
640,186,DONATION,Clothing,I want to offer support related to clothing for people in need,Trichy,OPEN
641,102,SERVICE,Clothing,I want to offer support related to clothing for people in need,Trichy,CLOSED
642,176,DONATION,Clothing,I want to offer support related to clothing for people in need,Madurai,OPEN
643,127,DONATION,Healthcare,I want to offer support related to healthcare for people in need,Chennai,OPEN
644,191,DONATION,Education,I want to offer support related to education for people in need,Trichy,OPEN
645,273,DONATION,Education,I want to offer support related to education for people in need,Trichy,CLOSED
646,96,DONATION,Food,I want to offer support related to food for people in need,Bangalore,CLOSED
647,28,DONATION,Community Development,I want to offer support related to community development for people in need,Madurai,OPEN
648,49,SERVICE,Community Development,I want to offer support related to community development for people in need,Chennai,OPEN
649,140,SERVICE,Community Development,I want to offer support related to community development for people in need,Trichy,OPEN
650,188,SERVICE,Food,I want to offer support related to food for people in need,Coimbatore,OPEN
651,69,DONATION,Healthcare,I want to offer support related to healthcare for people in need,Trichy,CLOSED
652,1,SERVICE,Food,I want to offer support related to food for people in need,Bangalore,OPEN
653,144,SERVICE,Community Development,I want to offer support related to community development for people in need,Coimbatore,CLOSED
654,91,SERVICE,Community Development,I want to offer support related to community development for people in need,Bangalore,OPEN
655,102,DONATION,Disaster Relief,I want to offer support related to disaster relief for people in need,Coimbatore,OPEN
656,22,SERVICE,Community Development,I want to offer support related to community development for people in need,Madurai,CLOSED
657,297,SERVICE,Healthcare,I want to offer support related to healthcare for people in need,Bangalore,CLOSED
658,192,SERVICE,Food,I want to offer support related to food for people in need,Bangalore,OPEN
659,118,SERVICE,Disaster Relief,I want to offer support related to disaster relief for people in need,Trichy,CLOSED
660,50,SERVICE,Food,I want to offer support related to food for people in need,Bangalore,CLOSED
661,44,DONATION,Clothing,I want to offer support related to clothing for people in need,Madurai,CLOSED
662,134,SERVICE,Disaster Relief,I want to offer support related to disaster relief for people in need,Coimbatore,CLOSED
663,20,DONATION,Clothing,I want to offer support related to clothing for people in need,Coimbatore,CLOSED
664,150,DONATION,Food,I want to offer support related to food for people in need,Bangalore,CLOSED
665,196,SERVICE,Disaster Relief,I want to offer support related to disaster relief for people in need,Chennai,CLOSED
666,129,DONATION,Community Development,I want to offer support related to community development for people in need,Chennai,CLOSED
667,210,DONATION,Education,I want to offer support related to education for people in need,Trichy,OPEN
668,116,DONATION,Education,I want to offer support related to education for people in need,Madurai,CLOSED
669,15,DONATION,Food,I want to offer support related to food for people in need,Bangalore,CLOSED
670,108,SERVICE,Food,I want to offer support related to food for people in need,Coimbatore,OPEN
671,180,DONATION,Education,I want to offer support related to education for people in need,Madurai,CLOSED
672,293,DONATION,Food,I want to offer support related to food for people in need,Bangalore,OPEN
673,262,DONATION,Healthcare,I want to offer support related to healthcare for people in need,Chennai,OPEN
674,128,DONATION,Healthcare,I want to offer support related to healthcare for people in need,Chennai,CLOSED
675,245,DONATION,Community Development,I want to offer support related to community development for people in need,Bangalore,OPEN
676,265,SERVICE,Disaster Relief,I want to offer support related to disaster relief for people in need,Madurai,OPEN
677,212,SERVICE,Disaster Relief,I want to offer support related to disaster relief for people in need,Chennai,OPEN
678,132,SERVICE,Disaster Relief,I want to offer support related to disaster relief for people in need,Madurai,CLOSED
679,243,DONATION,Disaster Relief,I want to offer support related to disaster relief for people in need,Madurai,OPEN
680,94,SERVICE,Food,I want to offer support related to food for people in need,Bangalore,CLOSED
681,61,SERVICE,Clothing,I want to offer support related to clothing for people in need,Madurai,OPEN
682,232,DONATION,Food,I want to offer support related to food for people in need,Trichy,OPEN
683,278,SERVICE,Community Development,I want to offer support related to community development for people in need,Madurai,CLOSED
684,165,DONATION,Education,I want to offer support related to education for people in need,Madurai,CLOSED
685,281,SERVICE,Food,I want to offer support related to food for people in need,Bangalore,OPEN
686,125,DONATION,Community Development,I want to offer support related to community development for people in need,Coimbatore,CLOSED
687,64,DONATION,Food,I want to offer support related to food for people in need,Trichy,OPEN
688,167,DONATION,Community Development,I want to offer support related to community development for people in need,Chennai,CLOSED
689,139,DONATION,Disaster Relief,I want to offer support related to disaster relief for people in need,Trichy,OPEN
690,220,DONATION,Clothing,I want to offer support related to clothing for people in need,Coimbatore,OPEN
691,158,DONATION,Community Development,I want to offer support related to community development for people in need,Bangalore,OPEN
692,244,SERVICE,Clothing,I want to offer support related to clothing for people in need,Bangalore,CLOSED
693,255,DONATION,Community Development,I want to offer support related to community development for people in need,Madurai,OPEN
694,209,DONATION,Education,I want to offer support related to education for people in need,Chennai,OPEN
695,227,SERVICE,Clothing,I want to offer support related to clothing for people in need,Coimbatore,OPEN
696,20,SERVICE,Community Development,I want to offer support related to community development for people in need,Madurai,OPEN
697,147,DONATION,Education,I want to offer support related to education for people in need,Coimbatore,CLOSED
698,214,DONATION,Disaster Relief,I want to offer support related to disaster relief for people in need,Coimbatore,OPEN
699,32,DONATION,Clothing,I want to offer support related to clothing for people in need,Madurai,CLOSED
700,144,DONATION,Food,I want to offer support related to food for people in need,Chennai,OPEN
701,216,DONATION,Disaster Relief,I want to offer support related to disaster relief for people in need,Bangalore,OPEN
702,249,SERVICE,Education,I want to offer support related to education for people in need,Trichy,CLOSED
703,106,DONATION,Clothing,I want to offer support related to clothing for people in need,Trichy,CLOSED
704,262,SERVICE,Education,I want to offer support related to education for people in need,Coimbatore,CLOSED
705,24,SERVICE,Food,I want to offer support related to food for people in need,Coimbatore,OPEN
706,223,DONATION,Clothing,I want to offer support related to clothing for people in need,Bangalore,OPEN
707,161,SERVICE,Education,I want to offer support related to education for people in need,Coimbatore,OPEN
708,11,DONATION,Education,I want to offer support related to education for people in need,Coimbatore,OPEN
709,198,DONATION,Education,I want to offer support related to education for people in need,Chennai,OPEN
710,101,SERVICE,Food,I want to offer support related to food for people in need,Bangalore,OPEN
711,261,DONATION,Education,I want to offer support related to education for people in need,Bangalore,OPEN
712,14,SERVICE,Food,I want to offer support related to food for people in need,Bangalore,CLOSED
713,71,DONATION,Clothing,I want to offer support related to clothing for people in need,Coimbatore,CLOSED
714,8,DONATION,Clothing,I want to offer support related to clothing for people in need,Bangalore,OPEN
715,252,SERVICE,Community Development,I want to offer support related to community development for people in need,Trichy,CLOSED
716,172,SERVICE,Food,I want to offer support related to food for people in need,Trichy,OPEN
717,67,SERVICE,Disaster Relief,I want to offer support related to disaster relief for people in need,Trichy,OPEN
718,127,SERVICE,Education,I want to offer support related to education for people in need,Coimbatore,CLOSED
719,238,SERVICE,Healthcare,I want to offer support related to healthcare for people in need,Chennai,OPEN
720,111,SERVICE,Food,I want to offer support related to food for people in need,Madurai,CLOSED
721,69,SERVICE,Healthcare,I want to offer support related to healthcare for people in need,Trichy,OPEN
722,107,SERVICE,Education,I want to offer support related to education for people in need,Chennai,CLOSED
723,70,DONATION,Community Development,I want to offer support related to community development for people in need,Bangalore,CLOSED
724,91,DONATION,Disaster Relief,I want to offer support related to disaster relief for people in need,Madurai,CLOSED
725,135,SERVICE,Disaster Relief,I want to offer support related to disaster relief for people in need,Coimbatore,OPEN
726,211,DONATION,Food,I want to offer support related to food for people in need,Bangalore,OPEN
727,198,SERVICE,Food,I want to offer support related to food for people in need,Chennai,OPEN
728,230,DONATION,Community Development,I want to offer support related to community development for people in need,Bangalore,OPEN
729,271,SERVICE,Healthcare,I want to offer support related to healthcare for people in need,Madurai,OPEN
730,118,DONATION,Food,I want to offer support related to food for people in need,Trichy,OPEN
731,282,SERVICE,Education,I want to offer support related to education for people in need,Coimbatore,CLOSED
732,249,DONATION,Clothing,I want to offer support related to clothing for people in need,Trichy,OPEN
733,226,DONATION,Healthcare,I want to offer support related to healthcare for people in need,Trichy,OPEN
734,130,DONATION,Education,I want to offer support related to education for people in need,Trichy,OPEN
735,252,SERVICE,Community Development,I want to offer support related to community development for people in need,Coimbatore,CLOSED
736,187,SERVICE,Clothing,I want to offer support related to clothing for people in need,Madurai,CLOSED
737,119,SERVICE,Disaster Relief,I want to offer support related to disaster relief for people in need,Trichy,CLOSED
738,80,SERVICE,Disaster Relief,I want to offer support related to disaster relief for people in need,Coimbatore,CLOSED
739,118,SERVICE,Healthcare,I want to offer support related to healthcare for people in need,Coimbatore,CLOSED
740,279,DONATION,Healthcare,I want to offer support related to healthcare for people in need,Trichy,CLOSED
741,26,SERVICE,Food,I want to offer support related to food for people in need,Bangalore,CLOSED
742,172,DONATION,Disaster Relief,I want to offer support related to disaster relief for people in need,Madurai,OPEN
743,92,SERVICE,Clothing,I want to offer support related to clothing for people in need,Coimbatore,CLOSED
744,66,SERVICE,Clothing,I want to offer support related to clothing for people in need,Madurai,CLOSED
745,225,DONATION,Food,I want to offer support related to food for people in need,Bangalore,OPEN
746,156,SERVICE,Food,I want to offer support related to food for people in need,Trichy,OPEN
747,232,DONATION,Clothing,I want to offer support related to clothing for people in need,Coimbatore,CLOSED
748,291,DONATION,Healthcare,I want to offer support related to healthcare for people in need,Coimbatore,OPEN
749,257,DONATION,Education,I want to offer support related to education for people in need,Trichy,OPEN
750,85,DONATION,Healthcare,I want to offer support related to healthcare for people in need,Chennai,OPEN
751,47,SERVICE,Community Development,I want to offer support related to community development for people in need,Trichy,CLOSED
752,75,SERVICE,Community Development,I want to offer support related to community development for people in need,Bangalore,CLOSED
753,172,DONATION,Disaster Relief,I want to offer support related to disaster relief for people in need,Bangalore,CLOSED
754,70,DONATION,Healthcare,I want to offer support related to healthcare for people in need,Madurai,CLOSED
755,251,SERVICE,Healthcare,I want to offer support related to healthcare for people in need,Chennai,CLOSED
756,26,DONATION,Disaster Relief,I want to offer support related to disaster relief for people in need,Madurai,CLOSED
757,296,SERVICE,Clothing,I want to offer support related to clothing for people in need,Coimbatore,OPEN
758,248,SERVICE,Clothing,I want to offer support related to clothing for people in need,Trichy,CLOSED
759,110,DONATION,Clothing,I want to offer support related to clothing for people in need,Coimbatore,OPEN
760,34,DONATION,Clothing,I want to offer support related to clothing for people in need,Madurai,CLOSED
761,203,DONATION,Education,I want to offer support related to education for people in need,Trichy,CLOSED
762,204,SERVICE,Education,I want to offer support related to education for people in need,Trichy,CLOSED
763,111,SERVICE,Food,I want to offer support related to food for people in need,Coimbatore,CLOSED
764,205,SERVICE,Education,I want to offer support related to education for people in need,Coimbatore,OPEN
765,176,DONATION,Healthcare,I want to offer support related to healthcare for people in need,Madurai,CLOSED
766,283,SERVICE,Disaster Relief,I want to offer support related to disaster relief for people in need,Coimbatore,OPEN
767,48,SERVICE,Disaster Relief,I want to offer support related to disaster relief for people in need,Chennai,CLOSED
768,199,SERVICE,Food,I want to offer support related to food for people in need,Madurai,OPEN
769,39,SERVICE,Education,I want to offer support related to education for people in need,Bangalore,OPEN
770,32,SERVICE,Clothing,I want to offer support related to clothing for people in need,Chennai,OPEN
771,5,SERVICE,Education,I want to offer support related to education for people in need,Trichy,CLOSED
772,292,SERVICE,Community Development,I want to offer support related to community development for people in need,Madurai,OPEN
773,29,SERVICE,Food,I want to offer support related to food for people in need,Madurai,CLOSED
774,250,DONATION,Healthcare,I want to offer support related to healthcare for people in need,Madurai,CLOSED
775,188,DONATION,Education,I want to offer support related to education for people in need,Madurai,CLOSED
776,287,DONATION,Community Development,I want to offer support related to community development for people in need,Trichy,OPEN
777,300,SERVICE,Disaster Relief,I want to offer support related to disaster relief for people in need,Coimbatore,CLOSED
778,14,SERVICE,Education,I want to offer support related to education for people in need,Coimbatore,CLOSED
779,285,SERVICE,Clothing,I want to offer support related to clothing for people in need,Coimbatore,CLOSED
780,114,DONATION,Community Development,I want to offer support related to community development for people in need,Madurai,CLOSED
781,204,SERVICE,Education,I want to offer support related to education for people in need,Bangalore,OPEN
782,271,DONATION,Food,I want to offer support related to food for people in need,Trichy,OPEN
783,118,DONATION,Food,I want to offer support related to food for people in need,Madurai,CLOSED
784,259,SERVICE,Food,I want to offer support related to food for people in need,Coimbatore,OPEN
785,38,SERVICE,Disaster Relief,I want to offer support related to disaster relief for people in need,Madurai,CLOSED
786,299,SERVICE,Food,I want to offer support related to food for people in need,Trichy,CLOSED
787,134,SERVICE,Clothing,I want to offer support related to clothing for people in need,Madurai,OPEN
788,57,DONATION,Education,I want to offer support related to education for people in need,Bangalore,CLOSED
789,300,DONATION,Disaster Relief,I want to offer support related to disaster relief for people in need,Madurai,OPEN
790,67,DONATION,Community Development,I want to offer support related to community development for people in need,Madurai,OPEN
791,49,DONATION,Food,I want to offer support related to food for people in need,Trichy,CLOSED
792,85,DONATION,Disaster Relief,I want to offer support related to disaster relief for people in need,Bangalore,CLOSED
793,40,SERVICE,Disaster Relief,I want to offer support related to disaster relief for people in need,Trichy,OPEN
794,279,DONATION,Food,I want to offer support related to food for people in need,Madurai,CLOSED
795,167,SERVICE,Community Development,I want to offer support related to community development for people in need,Trichy,CLOSED
796,52,SERVICE,Clothing,I want to offer support related to clothing for people in need,Bangalore,OPEN
797,9,DONATION,Food,I want to offer support related to food for people in need,Madurai,OPEN
798,137,SERVICE,Healthcare,I want to offer support related to healthcare for people in need,Coimbatore,OPEN
799,285,SERVICE,Disaster Relief,I want to offer support related to disaster relief for people in need,Coimbatore,CLOSED
800,89,DONATION,Community Development,I want to offer support related to community development for people in need,Bangalore,OPEN
801,239,DONATION,Healthcare,I want to offer support related to healthcare for people in need,Trichy,CLOSED
802,21,SERVICE,Community Development,I want to offer support related to community development for people in need,Trichy,CLOSED
803,110,DONATION,Clothing,I want to offer support related to clothing for people in need,Madurai,OPEN
804,123,SERVICE,Food,I want to offer support related to food for people in need,Bangalore,OPEN
805,88,DONATION,Education,I want to offer support related to education for people in need,Coimbatore,CLOSED
806,19,DONATION,Community Development,I want to offer support related to community development for people in need,Bangalore,CLOSED
807,240,SERVICE,Clothing,I want to offer support related to clothing for people in need,Madurai,OPEN
808,279,SERVICE,Food,I want to offer support related to food for people in need,Trichy,OPEN
809,212,SERVICE,Healthcare,I want to offer support related to healthcare for people in need,Chennai,CLOSED
810,81,DONATION,Clothing,I want to offer support related to clothing for people in need,Chennai,OPEN
811,20,SERVICE,Healthcare,I want to offer support related to healthcare for people in need,Trichy,CLOSED
812,2,DONATION,Disaster Relief,I want to offer support related to disaster relief for people in need,Chennai,OPEN
813,4,DONATION,Education,I want to offer support related to education for people in need,Trichy,OPEN
814,279,DONATION,Healthcare,I want to offer support related to healthcare for people in need,Bangalore,CLOSED
815,255,SERVICE,Healthcare,I want to offer support related to healthcare for people in need,Coimbatore,CLOSED
816,198,SERVICE,Healthcare,I want to offer support related to healthcare for people in need,Bangalore,OPEN
817,86,SERVICE,Education,I want to offer support related to education for people in need,Chennai,OPEN
818,246,DONATION,Clothing,I want to offer support related to clothing for people in need,Coimbatore,OPEN
819,122,SERVICE,Disaster Relief,I want to offer support related to disaster relief for people in need,Chennai,OPEN
820,247,SERVICE,Community Development,I want to offer support related to community development for people in need,Madurai,CLOSED
821,102,SERVICE,Clothing,I want to offer support related to clothing for people in need,Madurai,CLOSED
822,48,SERVICE,Food,I want to offer support related to food for people in need,Trichy,OPEN
823,163,DONATION,Food,I want to offer support related to food for people in need,Bangalore,CLOSED
824,120,SERVICE,Community Development,I want to offer support related to community development for people in need,Chennai,CLOSED
825,226,DONATION,Clothing,I want to offer support related to clothing for people in need,Chennai,CLOSED
826,200,DONATION,Clothing,I want to offer support related to clothing for people in need,Madurai,CLOSED
827,41,DONATION,Disaster Relief,I want to offer support related to disaster relief for people in need,Coimbatore,CLOSED
828,55,DONATION,Food,I want to offer support related to food for people in need,Trichy,CLOSED
829,256,DONATION,Community Development,I want to offer support related to community development for people in need,Madurai,OPEN
830,163,SERVICE,Clothing,I want to offer support related to clothing for people in need,Bangalore,CLOSED
831,21,SERVICE,Clothing,I want to offer support related to clothing for people in need,Bangalore,OPEN
832,281,DONATION,Food,I want to offer support related to food for people in need,Trichy,CLOSED
833,217,DONATION,Healthcare,I want to offer support related to healthcare for people in need,Madurai,CLOSED
834,135,DONATION,Food,I want to offer support related to food for people in need,Coimbatore,CLOSED
835,203,SERVICE,Disaster Relief,I want to offer support related to disaster relief for people in need,Madurai,OPEN
836,278,DONATION,Community Development,I want to offer support related to community development for people in need,Madurai,CLOSED
837,124,SERVICE,Education,I want to offer support related to education for people in need,Bangalore,OPEN
838,171,SERVICE,Healthcare,I want to offer support related to healthcare for people in need,Madurai,OPEN
839,9,DONATION,Healthcare,I want to offer support related to healthcare for people in need,Coimbatore,CLOSED
840,152,DONATION,Education,I want to offer support related to education for people in need,Trichy,OPEN
841,7,SERVICE,Community Development,I want to offer support related to community development for people in need,Madurai,OPEN
842,106,SERVICE,Community Development,I want to offer support related to community development for people in need,Madurai,OPEN
843,195,DONATION,Community Development,I want to offer support related to community development for people in need,Madurai,CLOSED
844,117,DONATION,Food,I want to offer support related to food for people in need,Bangalore,OPEN
845,169,DONATION,Clothing,I want to offer support related to clothing for people in need,Trichy,OPEN
846,8,SERVICE,Clothing,I want to offer support related to clothing for people in need,Madurai,OPEN
847,114,SERVICE,Community Development,I want to offer support related to community development for people in need,Coimbatore,CLOSED
848,57,DONATION,Clothing,I want to offer support related to clothing for people in need,Madurai,OPEN
849,138,SERVICE,Community Development,I want to offer support related to community development for people in need,Trichy,CLOSED
850,252,DONATION,Healthcare,I want to offer support related to healthcare for people in need,Coimbatore,CLOSED
851,219,DONATION,Clothing,I want to offer support related to clothing for people in need,Chennai,CLOSED
852,83,SERVICE,Clothing,I want to offer support related to clothing for people in need,Bangalore,OPEN
853,247,DONATION,Healthcare,I want to offer support related to healthcare for people in need,Coimbatore,CLOSED
854,144,DONATION,Food,I want to offer support related to food for people in need,Madurai,CLOSED
855,10,DONATION,Disaster Relief,I want to offer support related to disaster relief for people in need,Trichy,CLOSED
856,116,DONATION,Clothing,I want to offer support related to clothing for people in need,Madurai,OPEN
857,32,SERVICE,Healthcare,I want to offer support related to healthcare for people in need,Chennai,CLOSED
858,130,DONATION,Clothing,I want to offer support related to clothing for people in need,Coimbatore,OPEN
859,223,DONATION,Food,I want to offer support related to food for people in need,Bangalore,OPEN
860,259,DONATION,Education,I want to offer support related to education for people in need,Trichy,CLOSED
861,42,SERVICE,Disaster Relief,I want to offer support related to disaster relief for people in need,Chennai,OPEN
862,7,SERVICE,Healthcare,I want to offer support related to healthcare for people in need,Trichy,OPEN
863,202,SERVICE,Clothing,I want to offer support related to clothing for people in need,Madurai,CLOSED
864,300,DONATION,Disaster Relief,I want to offer support related to disaster relief for people in need,Bangalore,OPEN
865,292,SERVICE,Clothing,I want to offer support related to clothing for people in need,Chennai,CLOSED
866,142,SERVICE,Healthcare,I want to offer support related to healthcare for people in need,Trichy,OPEN
867,85,DONATION,Community Development,I want to offer support related to community development for people in need,Bangalore,OPEN
868,139,SERVICE,Community Development,I want to offer support related to community development for people in need,Trichy,CLOSED
869,7,SERVICE,Community Development,I want to offer support related to community development for people in need,Chennai,OPEN
870,208,SERVICE,Food,I want to offer support related to food for people in need,Madurai,OPEN
871,45,SERVICE,Healthcare,I want to offer support related to healthcare for people in need,Coimbatore,OPEN
872,88,DONATION,Education,I want to offer support related to education for people in need,Bangalore,OPEN
873,80,SERVICE,Healthcare,I want to offer support related to healthcare for people in need,Chennai,OPEN
874,225,DONATION,Clothing,I want to offer support related to clothing for people in need,Chennai,OPEN
875,69,DONATION,Clothing,I want to offer support related to clothing for people in need,Madurai,CLOSED
876,123,DONATION,Food,I want to offer support related to food for people in need,Madurai,CLOSED
877,208,SERVICE,Community Development,I want to offer support related to community development for people in need,Chennai,OPEN
878,118,DONATION,Disaster Relief,I want to offer support related to disaster relief for people in need,Trichy,CLOSED
879,285,DONATION,Community Development,I want to offer support related to community development for people in need,Madurai,CLOSED
880,49,SERVICE,Disaster Relief,I want to offer support related to disaster relief for people in need,Madurai,CLOSED
881,99,SERVICE,Disaster Relief,I want to offer support related to disaster relief for people in need,Trichy,OPEN
882,76,DONATION,Education,I want to offer support related to education for people in need,Coimbatore,CLOSED
883,147,SERVICE,Food,I want to offer support related to food for people in need,Trichy,OPEN
884,178,DONATION,Disaster Relief,I want to offer support related to disaster relief for people in need,Chennai,OPEN
885,81,SERVICE,Food,I want to offer support related to food for people in need,Madurai,OPEN
886,27,DONATION,Clothing,I want to offer support related to clothing for people in need,Trichy,OPEN
887,70,SERVICE,Food,I want to offer support related to food for people in need,Coimbatore,CLOSED
888,185,SERVICE,Food,I want to offer support related to food for people in need,Madurai,CLOSED
889,78,SERVICE,Disaster Relief,I want to offer support related to disaster relief for people in need,Bangalore,OPEN
890,270,DONATION,Healthcare,I want to offer support related to healthcare for people in need,Coimbatore,CLOSED
891,254,SERVICE,Food,I want to offer support related to food for people in need,Chennai,CLOSED
892,294,DONATION,Disaster Relief,I want to offer support related to disaster relief for people in need,Madurai,OPEN
893,23,DONATION,Community Development,I want to offer support related to community development for people in need,Coimbatore,OPEN
894,72,DONATION,Food,I want to offer support related to food for people in need,Madurai,CLOSED
895,108,DONATION,Disaster Relief,I want to offer support related to disaster relief for people in need,Madurai,OPEN
896,248,DONATION,Community Development,I want to offer support related to community development for people in need,Madurai,CLOSED
897,151,SERVICE,Healthcare,I want to offer support related to healthcare for people in need,Trichy,OPEN
898,184,SERVICE,Community Development,I want to offer support related to community development for people in need,Madurai,CLOSED
899,57,SERVICE,Healthcare,I want to offer support related to healthcare for people in need,Bangalore,CLOSED
900,36,SERVICE,Disaster Relief,I want to offer support related to disaster relief for people in need,Bangalore,OPEN
901,171,DONATION,Clothing,I want to offer support related to clothing for people in need,Trichy,OPEN
902,145,DONATION,Education,I want to offer support related to education for people in need,Coimbatore,CLOSED
903,128,SERVICE,Healthcare,I want to offer support related to healthcare for people in need,Bangalore,CLOSED
904,267,SERVICE,Disaster Relief,I want to offer support related to disaster relief for people in need,Coimbatore,CLOSED
905,71,DONATION,Healthcare,I want to offer support related to healthcare for people in need,Trichy,OPEN
906,37,DONATION,Community Development,I want to offer support related to community development for people in need,Bangalore,OPEN
907,233,DONATION,Food,I want to offer support related to food for people in need,Bangalore,CLOSED
908,15,SERVICE,Clothing,I want to offer support related to clothing for people in need,Coimbatore,OPEN
909,13,DONATION,Food,I want to offer support related to food for people in need,Coimbatore,OPEN
910,166,SERVICE,Community Development,I want to offer support related to community development for people in need,Chennai,CLOSED
911,189,SERVICE,Clothing,I want to offer support related to clothing for people in need,Trichy,OPEN
912,242,DONATION,Clothing,I want to offer support related to clothing for people in need,Bangalore,CLOSED
913,269,SERVICE,Healthcare,I want to offer support related to healthcare for people in need,Bangalore,OPEN
914,123,DONATION,Community Development,I want to offer support related to community development for people in need,Coimbatore,CLOSED
915,120,DONATION,Healthcare,I want to offer support related to healthcare for people in need,Madurai,OPEN
916,235,DONATION,Healthcare,I want to offer support related to healthcare for people in need,Bangalore,CLOSED
917,283,SERVICE,Disaster Relief,I want to offer support related to disaster relief for people in need,Madurai,CLOSED
918,215,DONATION,Community Development,I want to offer support related to community development for people in need,Chennai,CLOSED
919,135,SERVICE,Disaster Relief,I want to offer support related to disaster relief for people in need,Coimbatore,CLOSED
920,159,SERVICE,Community Development,I want to offer support related to community development for people in need,Chennai,OPEN
921,204,DONATION,Disaster Relief,I want to offer support related to disaster relief for people in need,Madurai,OPEN
922,200,DONATION,Healthcare,I want to offer support related to healthcare for people in need,Madurai,OPEN
923,143,DONATION,Food,I want to offer support related to food for people in need,Trichy,OPEN
924,262,SERVICE,Education,I want to offer support related to education for people in need,Trichy,OPEN
925,132,DONATION,Clothing,I want to offer support related to clothing for people in need,Chennai,OPEN
926,42,SERVICE,Education,I want to offer support related to education for people in need,Bangalore,CLOSED
927,193,DONATION,Healthcare,I want to offer support related to healthcare for people in need,Chennai,CLOSED
928,92,DONATION,Food,I want to offer support related to food for people in need,Chennai,OPEN
929,38,DONATION,Clothing,I want to offer support related to clothing for people in need,Chennai,OPEN
930,194,DONATION,Education,I want to offer support related to education for people in need,Coimbatore,CLOSED
931,278,SERVICE,Community Development,I want to offer support related to community development for people in need,Coimbatore,CLOSED
932,154,SERVICE,Clothing,I want to offer support related to clothing for people in need,Madurai,OPEN
933,109,DONATION,Food,I want to offer support related to food for people in need,Trichy,CLOSED
934,59,SERVICE,Education,I want to offer support related to education for people in need,Bangalore,CLOSED
935,22,SERVICE,Disaster Relief,I want to offer support related to disaster relief for people in need,Chennai,OPEN
936,140,DONATION,Community Development,I want to offer support related to community development for people in need,Chennai,CLOSED
937,76,SERVICE,Community Development,I want to offer support related to community development for people in need,Chennai,CLOSED
938,110,DONATION,Disaster Relief,I want to offer support related to disaster relief for people in need,Coimbatore,OPEN
939,300,SERVICE,Education,I want to offer support related to education for people in need,Bangalore,CLOSED
940,233,SERVICE,Community Development,I want to offer support related to community development for people in need,Madurai,CLOSED
941,189,SERVICE,Clothing,I want to offer support related to clothing for people in need,Trichy,CLOSED
942,55,DONATION,Education,I want to offer support related to education for people in need,Chennai,OPEN
943,9,DONATION,Food,I want to offer support related to food for people in need,Madurai,CLOSED
944,275,SERVICE,Food,I want to offer support related to food for people in need,Coimbatore,CLOSED
945,285,DONATION,Clothing,I want to offer support related to clothing for people in need,Coimbatore,OPEN
946,123,SERVICE,Food,I want to offer support related to food for people in need,Trichy,OPEN
947,79,DONATION,Disaster Relief,I want to offer support related to disaster relief for people in need,Madurai,CLOSED
948,91,DONATION,Clothing,I want to offer support related to clothing for people in need,Chennai,CLOSED
949,169,DONATION,Food,I want to offer support related to food for people in need,Trichy,CLOSED
950,233,SERVICE,Education,I want to offer support related to education for people in need,Madurai,OPEN
951,108,DONATION,Disaster Relief,I want to offer support related to disaster relief for people in need,Trichy,CLOSED
952,283,DONATION,Food,I want to offer support related to food for people in need,Coimbatore,CLOSED
953,77,SERVICE,Education,I want to offer support related to education for people in need,Madurai,OPEN
954,8,SERVICE,Healthcare,I want to offer support related to healthcare for people in need,Coimbatore,CLOSED
955,152,SERVICE,Community Development,I want to offer support related to community development for people in need,Chennai,CLOSED
956,188,SERVICE,Community Development,I want to offer support related to community development for people in need,Chennai,OPEN
957,98,DONATION,Community Development,I want to offer support related to community development for people in need,Madurai,CLOSED
958,241,SERVICE,Disaster Relief,I want to offer support related to disaster relief for people in need,Trichy,CLOSED
959,87,DONATION,Community Development,I want to offer support related to community development for people in need,Madurai,CLOSED
960,138,DONATION,Food,I want to offer support related to food for people in need,Trichy,OPEN
961,188,SERVICE,Disaster Relief,I want to offer support related to disaster relief for people in need,Trichy,OPEN
962,125,SERVICE,Food,I want to offer support related to food for people in need,Madurai,OPEN
963,124,DONATION,Community Development,I want to offer support related to community development for people in need,Trichy,OPEN
964,229,DONATION,Clothing,I want to offer support related to clothing for people in need,Coimbatore,OPEN
965,279,DONATION,Disaster Relief,I want to offer support related to disaster relief for people in need,Madurai,OPEN
966,100,DONATION,Clothing,I want to offer support related to clothing for people in need,Bangalore,OPEN
967,67,DONATION,Education,I want to offer support related to education for people in need,Coimbatore,OPEN
968,194,DONATION,Healthcare,I want to offer support related to healthcare for people in need,Trichy,OPEN
969,218,SERVICE,Clothing,I want to offer support related to clothing for people in need,Trichy,OPEN
970,121,SERVICE,Healthcare,I want to offer support related to healthcare for people in need,Chennai,OPEN
971,166,SERVICE,Food,I want to offer support related to food for people in need,Coimbatore,OPEN
972,60,SERVICE,Education,I want to offer support related to education for people in need,Chennai,OPEN
973,34,SERVICE,Disaster Relief,I want to offer support related to disaster relief for people in need,Trichy,CLOSED
974,3,DONATION,Community Development,I want to offer support related to community development for people in need,Coimbatore,CLOSED
975,200,DONATION,Clothing,I want to offer support related to clothing for people in need,Trichy,CLOSED
976,133,DONATION,Clothing,I want to offer support related to clothing for people in need,Trichy,OPEN
977,211,SERVICE,Food,I want to offer support related to food for people in need,Bangalore,CLOSED
978,204,DONATION,Community Development,I want to offer support related to community development for people in need,Coimbatore,CLOSED
979,228,SERVICE,Healthcare,I want to offer support related to healthcare for people in need,Coimbatore,CLOSED
980,273,SERVICE,Education,I want to offer support related to education for people in need,Coimbatore,OPEN
981,107,SERVICE,Clothing,I want to offer support related to clothing for people in need,Madurai,CLOSED
982,195,DONATION,Healthcare,I want to offer support related to healthcare for people in need,Bangalore,OPEN
983,184,DONATION,Education,I want to offer support related to education for people in need,Coimbatore,OPEN
984,299,DONATION,Disaster Relief,I want to offer support related to disaster relief for people in need,Madurai,OPEN
985,298,DONATION,Education,I want to offer support related to education for people in need,Madurai,OPEN
986,90,SERVICE,Disaster Relief,I want to offer support related to disaster relief for people in need,Bangalore,OPEN
987,22,DONATION,Education,I want to offer support related to education for people in need,Trichy,OPEN
988,149,DONATION,Disaster Relief,I want to offer support related to disaster relief for people in need,Madurai,OPEN
989,116,DONATION,Community Development,I want to offer support related to community development for people in need,Madurai,OPEN
990,248,DONATION,Disaster Relief,I want to offer support related to disaster relief for people in need,Trichy,CLOSED
991,276,DONATION,Disaster Relief,I want to offer support related to disaster relief for people in need,Chennai,CLOSED
992,14,SERVICE,Disaster Relief,I want to offer support related to disaster relief for people in need,Bangalore,OPEN
993,73,SERVICE,Food,I want to offer support related to food for people in need,Chennai,OPEN
994,139,DONATION,Clothing,I want to offer support related to clothing for people in need,Madurai,CLOSED
995,293,DONATION,Community Development,I want to offer support related to community development for people in need,Bangalore,CLOSED
996,37,DONATION,Education,I want to offer support related to education for people in need,Trichy,OPEN
997,132,DONATION,Education,I want to offer support related to education for people in need,Trichy,CLOSED
998,48,DONATION,Food,I want to offer support related to food for people in need,Bangalore,OPEN
999,82,DONATION,Disaster Relief,I want to offer support related to disaster relief for people in need,Trichy,CLOSED
1000,85,SERVICE,Food,I want to offer support related to food for people in need,Chennai,CLOSED
1001,141,DONATION,Disaster Relief,I want to offer support related to disaster relief for people in need,Trichy,OPEN
1002,91,SERVICE,Clothing,I want to offer support related to clothing for people in need,Madurai,OPEN
1003,33,SERVICE,Clothing,I want to offer support related to clothing for people in need,Trichy,OPEN
1004,158,SERVICE,Community Development,I want to offer support related to community development for people in need,Trichy,CLOSED
1005,285,SERVICE,Education,I want to offer support related to education for people in need,Bangalore,OPEN
1006,126,SERVICE,Clothing,I want to offer support related to clothing for people in need,Madurai,CLOSED
1007,174,SERVICE,Disaster Relief,I want to offer support related to disaster relief for people in need,Madurai,CLOSED
1008,172,DONATION,Food,I want to offer support related to food for people in need,Chennai,CLOSED
1009,114,SERVICE,Disaster Relief,I want to offer support related to disaster relief for people in need,Bangalore,CLOSED
1010,200,SERVICE,Food,I want to offer support related to food for people in need,Coimbatore,OPEN
1011,219,DONATION,Healthcare,I want to offer support related to healthcare for people in need,Chennai,OPEN
1012,80,DONATION,Disaster Relief,I want to offer support related to disaster relief for people in need,Bangalore,CLOSED
1013,107,SERVICE,Community Development,I want to offer support related to community development for people in need,Madurai,OPEN
1014,180,DONATION,Healthcare,I want to offer support related to healthcare for people in need,Trichy,CLOSED
1015,212,SERVICE,Community Development,I want to offer support related to community development for people in need,Chennai,CLOSED
1016,18,DONATION,Community Development,I want to offer support related to community development for people in need,Madurai,OPEN
1017,190,SERVICE,Food,I want to offer support related to food for people in need,Madurai,CLOSED
1018,31,SERVICE,Education,I want to offer support related to education for people in need,Trichy,OPEN
1019,86,DONATION,Disaster Relief,I want to offer support related to disaster relief for people in need,Trichy,OPEN
1020,137,DONATION,Food,I want to offer support related to food for people in need,Bangalore,OPEN
1021,155,DONATION,Education,I want to offer support related to education for people in need,Coimbatore,OPEN
1022,108,SERVICE,Education,I want to offer support related to education for people in need,Madurai,OPEN
1023,203,SERVICE,Healthcare,I want to offer support related to healthcare for people in need,Madurai,OPEN
1024,280,SERVICE,Food,I want to offer support related to food for people in need,Chennai,CLOSED
1025,142,SERVICE,Healthcare,I want to offer support related to healthcare for people in need,Coimbatore,CLOSED
1026,173,DONATION,Education,I want to offer support related to education for people in need,Trichy,CLOSED
1027,130,DONATION,Food,I want to offer support related to food for people in need,Coimbatore,OPEN
1028,224,SERVICE,Education,I want to offer support related to education for people in need,Madurai,OPEN
1029,238,DONATION,Clothing,I want to offer support related to clothing for people in need,Madurai,OPEN
1030,296,DONATION,Community Development,I want to offer support related to community development for people in need,Bangalore,OPEN
1031,85,SERVICE,Food,I want to offer support related to food for people in need,Coimbatore,CLOSED
1032,278,DONATION,Education,I want to offer support related to education for people in need,Trichy,OPEN
1033,241,SERVICE,Disaster Relief,I want to offer support related to disaster relief for people in need,Bangalore,OPEN
1034,245,SERVICE,Disaster Relief,I want to offer support related to disaster relief for people in need,Coimbatore,CLOSED
1035,43,SERVICE,Clothing,I want to offer support related to clothing for people in need,Madurai,OPEN
1036,42,DONATION,Food,I want to offer support related to food for people in need,Coimbatore,OPEN
1037,209,DONATION,Disaster Relief,I want to offer support related to disaster relief for people in need,Trichy,CLOSED
1038,158,DONATION,Food,I want to offer support related to food for people in need,Coimbatore,CLOSED
1039,33,SERVICE,Community Development,I want to offer support related to community development for people in need,Coimbatore,CLOSED
1040,248,SERVICE,Clothing,I want to offer support related to clothing for people in need,Coimbatore,OPEN
1041,44,SERVICE,Education,I want to offer support related to education for people in need,Coimbatore,OPEN
1042,122,SERVICE,Food,I want to offer support related to food for people in need,Madurai,OPEN
1043,79,DONATION,Clothing,I want to offer support related to clothing for people in need,Bangalore,CLOSED
1044,177,SERVICE,Healthcare,I want to offer support related to healthcare for people in need,Madurai,OPEN
1045,96,SERVICE,Disaster Relief,I want to offer support related to disaster relief for people in need,Chennai,OPEN
1046,183,SERVICE,Community Development,I want to offer support related to community development for people in need,Trichy,OPEN
1047,190,SERVICE,Clothing,I want to offer support related to clothing for people in need,Madurai,OPEN
1048,149,SERVICE,Community Development,I want to offer support related to community development for people in need,Madurai,OPEN
1049,134,SERVICE,Education,I want to offer support related to education for people in need,Coimbatore,OPEN
1050,57,DONATION,Community Development,I want to offer support related to community development for people in need,Trichy,OPEN
1051,295,DONATION,Education,I want to offer support related to education for people in need,Chennai,CLOSED
1052,283,DONATION,Community Development,I want to offer support related to community development for people in need,Trichy,CLOSED
1053,70,DONATION,Food,I want to offer support related to food for people in need,Chennai,OPEN
1054,115,DONATION,Disaster Relief,I want to offer support related to disaster relief for people in need,Coimbatore,OPEN
1055,40,SERVICE,Community Development,I want to offer support related to community development for people in need,Madurai,CLOSED
1056,123,SERVICE,Community Development,I want to offer support related to community development for people in need,Coimbatore,CLOSED
1057,168,DONATION,Disaster Relief,I want to offer support related to disaster relief for people in need,Madurai,CLOSED
1058,125,SERVICE,Community Development,I want to offer support related to community development for people in need,Coimbatore,CLOSED
1059,256,SERVICE,Clothing,I want to offer support related to clothing for people in need,Trichy,CLOSED
1060,180,SERVICE,Clothing,I want to offer support related to clothing for people in need,Madurai,OPEN
1061,296,SERVICE,Healthcare,I want to offer support related to healthcare for people in need,Chennai,CLOSED
1062,198,DONATION,Community Development,I want to offer support related to community development for people in need,Trichy,OPEN
1063,287,DONATION,Food,I want to offer support related to food for people in need,Trichy,CLOSED
1064,241,DONATION,Food,I want to offer support related to food for people in need,Madurai,CLOSED
1065,65,SERVICE,Disaster Relief,I want to offer support related to disaster relief for people in need,Madurai,CLOSED
1066,214,DONATION,Education,I want to offer support related to education for people in need,Trichy,CLOSED
1067,299,SERVICE,Clothing,I want to offer support related to clothing for people in need,Chennai,CLOSED
1068,169,SERVICE,Disaster Relief,I want to offer support related to disaster relief for people in need,Coimbatore,CLOSED
1069,287,DONATION,Community Development,I want to offer support related to community development for people in need,Trichy,OPEN
1070,258,DONATION,Disaster Relief,I want to offer support related to disaster relief for people in need,Madurai,OPEN
1071,65,SERVICE,Clothing,I want to offer support related to clothing for people in need,Madurai,OPEN
1072,273,DONATION,Disaster Relief,I want to offer support related to disaster relief for people in need,Bangalore,CLOSED
1073,272,SERVICE,Food,I want to offer support related to food for people in need,Trichy,CLOSED
1074,163,DONATION,Education,I want to offer support related to education for people in need,Trichy,OPEN
1075,144,DONATION,Community Development,I want to offer support related to community development for people in need,Madurai,CLOSED
1076,99,DONATION,Clothing,I want to offer support related to clothing for people in need,Madurai,CLOSED
1077,228,SERVICE,Food,I want to offer support related to food for people in need,Coimbatore,OPEN
1078,240,SERVICE,Community Development,I want to offer support related to community development for people in need,Chennai,CLOSED
1079,152,SERVICE,Community Development,I want to offer support related to community development for people in need,Madurai,CLOSED
1080,216,DONATION,Food,I want to offer support related to food for people in need,Trichy,OPEN
1081,281,SERVICE,Education,I want to offer support related to education for people in need,Chennai,OPEN
1082,89,DONATION,Clothing,I want to offer support related to clothing for people in need,Coimbatore,OPEN
1083,193,SERVICE,Healthcare,I want to offer support related to healthcare for people in need,Coimbatore,CLOSED
1084,89,SERVICE,Community Development,I want to offer support related to community development for people in need,Chennai,CLOSED
1085,245,DONATION,Food,I want to offer support related to food for people in need,Coimbatore,CLOSED
1086,90,DONATION,Education,I want to offer support related to education for people in need,Coimbatore,CLOSED
1087,261,DONATION,Clothing,I want to offer support related to clothing for people in need,Madurai,OPEN
1088,68,DONATION,Education,I want to offer support related to education for people in need,Chennai,CLOSED
1089,94,SERVICE,Clothing,I want to offer support related to clothing for people in need,Coimbatore,OPEN
1090,200,DONATION,Community Development,I want to offer support related to community development for people in need,Chennai,CLOSED
1091,170,SERVICE,Food,I want to offer support related to food for people in need,Madurai,OPEN
1092,34,DONATION,Community Development,I want to offer support related to community development for people in need,Coimbatore,CLOSED
1093,137,SERVICE,Disaster Relief,I want to offer support related to disaster relief for people in need,Trichy,CLOSED
1094,44,DONATION,Clothing,I want to offer support related to clothing for people in need,Coimbatore,CLOSED
1095,16,DONATION,Community Development,I want to offer support related to community development for people in need,Bangalore,CLOSED
1096,144,SERVICE,Healthcare,I want to offer support related to healthcare for people in need,Madurai,OPEN
1097,192,DONATION,Disaster Relief,I want to offer support related to disaster relief for people in need,Madurai,OPEN
1098,98,SERVICE,Education,I want to offer support related to education for people in need,Coimbatore,OPEN
1099,200,DONATION,Food,I want to offer support related to food for people in need,Chennai,CLOSED
1100,137,DONATION,Food,I want to offer support related to food for people in need,Coimbatore,CLOSED
1101,96,DONATION,Disaster Relief,I want to offer support related to disaster relief for people in need,Bangalore,OPEN
1102,214,SERVICE,Community Development,I want to offer support related to community development for people in need,Trichy,OPEN
1103,225,DONATION,Healthcare,I want to offer support related to healthcare for people in need,Bangalore,OPEN
1104,164,SERVICE,Food,I want to offer support related to food for people in need,Coimbatore,CLOSED
1105,5,SERVICE,Education,I want to offer support related to education for people in need,Chennai,OPEN
1106,26,DONATION,Clothing,I want to offer support related to clothing for people in need,Madurai,OPEN
1107,257,DONATION,Food,I want to offer support related to food for people in need,Bangalore,OPEN
1108,182,SERVICE,Clothing,I want to offer support related to clothing for people in need,Chennai,CLOSED
1109,32,DONATION,Clothing,I want to offer support related to clothing for people in need,Coimbatore,OPEN
1110,64,DONATION,Food,I want to offer support related to food for people in need,Bangalore,CLOSED
1111,164,SERVICE,Education,I want to offer support related to education for people in need,Madurai,CLOSED
1112,78,DONATION,Healthcare,I want to offer support related to healthcare for people in need,Bangalore,CLOSED
1113,236,DONATION,Food,I want to offer support related to food for people in need,Chennai,OPEN
1114,300,DONATION,Education,I want to offer support related to education for people in need,Chennai,CLOSED
1115,65,SERVICE,Healthcare,I want to offer support related to healthcare for people in need,Bangalore,CLOSED
1116,113,SERVICE,Food,I want to offer support related to food for people in need,Coimbatore,CLOSED
1117,188,DONATION,Food,I want to offer support related to food for people in need,Bangalore,CLOSED
1118,188,SERVICE,Clothing,I want to offer support related to clothing for people in need,Chennai,CLOSED
1119,156,DONATION,Clothing,I want to offer support related to clothing for people in need,Chennai,OPEN
1120,13,DONATION,Education,I want to offer support related to education for people in need,Madurai,CLOSED
1121,69,SERVICE,Food,I want to offer support related to food for people in need,Chennai,CLOSED
1122,292,DONATION,Food,I want to offer support related to food for people in need,Trichy,CLOSED
1123,28,DONATION,Education,I want to offer support related to education for people in need,Trichy,OPEN
1124,139,DONATION,Healthcare,I want to offer support related to healthcare for people in need,Coimbatore,OPEN
1125,30,DONATION,Disaster Relief,I want to offer support related to disaster relief for people in need,Coimbatore,CLOSED
1126,74,DONATION,Disaster Relief,I want to offer support related to disaster relief for people in need,Bangalore,CLOSED
1127,139,SERVICE,Education,I want to offer support related to education for people in need,Madurai,OPEN
1128,145,DONATION,Clothing,I want to offer support related to clothing for people in need,Chennai,CLOSED
1129,60,SERVICE,Community Development,I want to offer support related to community development for people in need,Madurai,OPEN
1130,159,DONATION,Disaster Relief,I want to offer support related to disaster relief for people in need,Chennai,OPEN
1131,53,SERVICE,Community Development,I want to offer support related to community development for people in need,Chennai,OPEN
1132,254,SERVICE,Clothing,I want to offer support related to clothing for people in need,Coimbatore,CLOSED
1133,75,SERVICE,Clothing,I want to offer support related to clothing for people in need,Trichy,CLOSED
1134,230,DONATION,Clothing,I want to offer support related to clothing for people in need,Bangalore,OPEN
1135,9,DONATION,Healthcare,I want to offer support related to healthcare for people in need,Chennai,OPEN
1136,122,DONATION,Disaster Relief,I want to offer support related to disaster relief for people in need,Chennai,CLOSED
1137,101,SERVICE,Community Development,I want to offer support related to community development for people in need,Madurai,CLOSED
1138,11,SERVICE,Food,I want to offer support related to food for people in need,Chennai,CLOSED
1139,55,SERVICE,Disaster Relief,I want to offer support related to disaster relief for people in need,Trichy,CLOSED
1140,3,DONATION,Education,I want to offer support related to education for people in need,Chennai,OPEN
1141,290,DONATION,Healthcare,I want to offer support related to healthcare for people in need,Chennai,CLOSED
1142,228,DONATION,Community Development,I want to offer support related to community development for people in need,Trichy,OPEN
1143,172,DONATION,Healthcare,I want to offer support related to healthcare for people in need,Trichy,CLOSED
1144,213,SERVICE,Community Development,I want to offer support related to community development for people in need,Chennai,CLOSED
1145,267,DONATION,Healthcare,I want to offer support related to healthcare for people in need,Trichy,OPEN
1146,215,SERVICE,Healthcare,I want to offer support related to healthcare for people in need,Coimbatore,OPEN
1147,173,DONATION,Healthcare,I want to offer support related to healthcare for people in need,Chennai,CLOSED
1148,192,DONATION,Disaster Relief,I want to offer support related to disaster relief for people in need,Coimbatore,CLOSED
1149,106,SERVICE,Education,I want to offer support related to education for people in need,Trichy,CLOSED
1150,152,DONATION,Food,I want to offer support related to food for people in need,Bangalore,CLOSED
1151,174,SERVICE,Community Development,I want to offer support related to community development for people in need,Bangalore,CLOSED
1152,143,SERVICE,Disaster Relief,I want to offer support related to disaster relief for people in need,Coimbatore,CLOSED
1153,119,DONATION,Healthcare,I want to offer support related to healthcare for people in need,Coimbatore,OPEN
1154,142,DONATION,Food,I want to offer support related to food for people in need,Chennai,CLOSED
1155,221,SERVICE,Education,I want to offer support related to education for people in need,Chennai,OPEN
1156,103,SERVICE,Disaster Relief,I want to offer support related to disaster relief for people in need,Trichy,OPEN
1157,249,DONATION,Education,I want to offer support related to education for people in need,Bangalore,OPEN
1158,199,DONATION,Education,I want to offer support related to education for people in need,Madurai,CLOSED
1159,260,SERVICE,Healthcare,I want to offer support related to healthcare for people in need,Bangalore,OPEN
1160,231,DONATION,Community Development,I want to offer support related to community development for people in need,Madurai,OPEN
1161,260,DONATION,Community Development,I want to offer support related to community development for people in need,Trichy,OPEN
1162,67,DONATION,Healthcare,I want to offer support related to healthcare for people in need,Coimbatore,OPEN
1163,141,SERVICE,Community Development,I want to offer support related to community development for people in need,Trichy,OPEN
1164,118,DONATION,Community Development,I want to offer support related to community development for people in need,Chennai,OPEN
1165,25,SERVICE,Education,I want to offer support related to education for people in need,Trichy,OPEN
1166,39,DONATION,Clothing,I want to offer support related to clothing for people in need,Madurai,CLOSED
1167,295,DONATION,Community Development,I want to offer support related to community development for people in need,Trichy,OPEN
1168,237,SERVICE,Clothing,I want to offer support related to clothing for people in need,Madurai,CLOSED
1169,237,DONATION,Food,I want to offer support related to food for people in need,Coimbatore,CLOSED
1170,163,SERVICE,Community Development,I want to offer support related to community development for people in need,Bangalore,CLOSED
1171,240,SERVICE,Clothing,I want to offer support related to clothing for people in need,Chennai,OPEN
1172,178,DONATION,Community Development,I want to offer support related to community development for people in need,Coimbatore,CLOSED
1173,90,DONATION,Community Development,I want to offer support related to community development for people in need,Coimbatore,CLOSED
1174,116,DONATION,Healthcare,I want to offer support related to healthcare for people in need,Coimbatore,OPEN
1175,282,SERVICE,Healthcare,I want to offer support related to healthcare for people in need,Trichy,OPEN
1176,266,DONATION,Community Development,I want to offer support related to community development for people in need,Coimbatore,OPEN
1177,5,SERVICE,Education,I want to offer support related to education for people in need,Trichy,OPEN
1178,160,DONATION,Community Development,I want to offer support related to community development for people in need,Trichy,OPEN
1179,270,DONATION,Healthcare,I want to offer support related to healthcare for people in need,Madurai,CLOSED
1180,120,SERVICE,Disaster Relief,I want to offer support related to disaster relief for people in need,Coimbatore,OPEN
1181,148,DONATION,Community Development,I want to offer support related to community development for people in need,Madurai,CLOSED
1182,247,DONATION,Community Development,I want to offer support related to community development for people in need,Bangalore,CLOSED
1183,124,SERVICE,Food,I want to offer support related to food for people in need,Coimbatore,OPEN
1184,183,SERVICE,Community Development,I want to offer support related to community development for people in need,Trichy,CLOSED
1185,22,DONATION,Healthcare,I want to offer support related to healthcare for people in need,Madurai,OPEN
1186,270,SERVICE,Community Development,I want to offer support related to community development for people in need,Bangalore,OPEN
1187,52,SERVICE,Food,I want to offer support related to food for people in need,Chennai,OPEN
1188,146,DONATION,Disaster Relief,I want to offer support related to disaster relief for people in need,Coimbatore,CLOSED
1189,230,DONATION,Healthcare,I want to offer support related to healthcare for people in need,Chennai,CLOSED
1190,78,SERVICE,Disaster Relief,I want to offer support related to disaster relief for people in need,Coimbatore,CLOSED
1191,28,DONATION,Community Development,I want to offer support related to community development for people in need,Bangalore,OPEN
1192,189,SERVICE,Disaster Relief,I want to offer support related to disaster relief for people in need,Chennai,CLOSED
1193,67,DONATION,Disaster Relief,I want to offer support related to disaster relief for people in need,Coimbatore,OPEN
1194,66,SERVICE,Healthcare,I want to offer support related to healthcare for people in need,Trichy,CLOSED
1195,8,DONATION,Disaster Relief,I want to offer support related to disaster relief for people in need,Coimbatore,CLOSED
1196,91,DONATION,Community Development,I want to offer support related to community development for people in need,Madurai,OPEN
1197,97,DONATION,Food,I want to offer support related to food for people in need,Trichy,OPEN
1198,229,SERVICE,Disaster Relief,I want to offer support related to disaster relief for people in need,Trichy,OPEN
1199,38,SERVICE,Education,I want to offer support related to education for people in need,Coimbatore,CLOSED
1200,241,DONATION,Healthcare,I want to offer support related to healthcare for people in need,Trichy,OPEN
1201,99,DONATION,Healthcare,I want to offer support related to healthcare for people in need,Trichy,OPEN
1202,68,SERVICE,Clothing,I want to offer support related to clothing for people in need,Trichy,OPEN
1203,243,DONATION,Education,I want to offer support related to education for people in need,Coimbatore,OPEN
1204,123,SERVICE,Community Development,I want to offer support related to community development for people in need,Trichy,OPEN
1205,71,SERVICE,Education,I want to offer support related to education for people in need,Madurai,OPEN
1206,113,DONATION,Community Development,I want to offer support related to community development for people in need,Madurai,OPEN
1207,269,SERVICE,Community Development,I want to offer support related to community development for people in need,Coimbatore,OPEN
1208,236,DONATION,Education,I want to offer support related to education for people in need,Madurai,CLOSED
1209,38,DONATION,Food,I want to offer support related to food for people in need,Bangalore,CLOSED
1210,259,SERVICE,Healthcare,I want to offer support related to healthcare for people in need,Madurai,OPEN
1211,217,SERVICE,Community Development,I want to offer support related to community development for people in need,Bangalore,CLOSED
1212,46,SERVICE,Food,I want to offer support related to food for people in need,Bangalore,OPEN
1213,73,DONATION,Community Development,I want to offer support related to community development for people in need,Coimbatore,OPEN
1214,275,DONATION,Disaster Relief,I want to offer support related to disaster relief for people in need,Coimbatore,CLOSED
1215,197,SERVICE,Healthcare,I want to offer support related to healthcare for people in need,Coimbatore,OPEN
1216,134,DONATION,Disaster Relief,I want to offer support related to disaster relief for people in need,Madurai,OPEN
1217,47,SERVICE,Community Development,I want to offer support related to community development for people in need,Trichy,OPEN
1218,144,DONATION,Food,I want to offer support related to food for people in need,Chennai,OPEN
1219,153,DONATION,Clothing,I want to offer support related to clothing for people in need,Madurai,OPEN
1220,298,SERVICE,Community Development,I want to offer support related to community development for people in need,Trichy,CLOSED
1221,82,SERVICE,Clothing,I want to offer support related to clothing for people in need,Trichy,CLOSED
1222,191,SERVICE,Disaster Relief,I want to offer support related to disaster relief for people in need,Bangalore,CLOSED
1223,67,SERVICE,Disaster Relief,I want to offer support related to disaster relief for people in need,Madurai,OPEN
1224,203,SERVICE,Food,I want to offer support related to food for people in need,Chennai,CLOSED
1225,27,SERVICE,Disaster Relief,I want to offer support related to disaster relief for people in need,Bangalore,CLOSED
1226,223,SERVICE,Food,I want to offer support related to food for people in need,Trichy,OPEN
1227,123,SERVICE,Clothing,I want to offer support related to clothing for people in need,Coimbatore,CLOSED
1228,234,DONATION,Education,I want to offer support related to education for people in need,Coimbatore,OPEN
1229,215,DONATION,Clothing,I want to offer support related to clothing for people in need,Trichy,OPEN
1230,216,SERVICE,Clothing,I want to offer support related to clothing for people in need,Madurai,CLOSED
1231,17,DONATION,Education,I want to offer support related to education for people in need,Bangalore,CLOSED
1232,68,SERVICE,Healthcare,I want to offer support related to healthcare for people in need,Chennai,OPEN
1233,284,DONATION,Community Development,I want to offer support related to community development for people in need,Madurai,CLOSED
1234,181,DONATION,Clothing,I want to offer support related to clothing for people in need,Chennai,OPEN
1235,84,SERVICE,Community Development,I want to offer support related to community development for people in need,Trichy,OPEN
1236,291,DONATION,Food,I want to offer support related to food for people in need,Bangalore,CLOSED
1237,54,SERVICE,Disaster Relief,I want to offer support related to disaster relief for people in need,Trichy,OPEN
1238,47,DONATION,Healthcare,I want to offer support related to healthcare for people in need,Coimbatore,OPEN
1239,285,DONATION,Education,I want to offer support related to education for people in need,Bangalore,OPEN
1240,45,DONATION,Healthcare,I want to offer support related to healthcare for people in need,Bangalore,CLOSED
1241,287,DONATION,Community Development,I want to offer support related to community development for people in need,Coimbatore,OPEN
1242,211,SERVICE,Food,I want to offer support related to food for people in need,Madurai,CLOSED
1243,105,SERVICE,Healthcare,I want to offer support related to healthcare for people in need,Bangalore,CLOSED
1244,296,DONATION,Education,I want to offer support related to education for people in need,Coimbatore,CLOSED
1245,294,SERVICE,Healthcare,I want to offer support related to healthcare for people in need,Madurai,CLOSED
1246,23,SERVICE,Clothing,I want to offer support related to clothing for people in need,Trichy,OPEN
1247,18,SERVICE,Clothing,I want to offer support related to clothing for people in need,Bangalore,OPEN
1248,70,SERVICE,Disaster Relief,I want to offer support related to disaster relief for people in need,Trichy,CLOSED
1249,222,SERVICE,Food,I want to offer support related to food for people in need,Trichy,OPEN
1250,84,DONATION,Education,I want to offer support related to education for people in need,Coimbatore,OPEN
1251,102,SERVICE,Community Development,I want to offer support related to community development for people in need,Coimbatore,CLOSED
1252,298,DONATION,Clothing,I want to offer support related to clothing for people in need,Bangalore,OPEN
1253,23,SERVICE,Clothing,I want to offer support related to clothing for people in need,Trichy,CLOSED
1254,167,SERVICE,Community Development,I want to offer support related to community development for people in need,Trichy,OPEN
1255,213,SERVICE,Community Development,I want to offer support related to community development for people in need,Trichy,CLOSED
1256,176,SERVICE,Clothing,I want to offer support related to clothing for people in need,Coimbatore,CLOSED
1257,73,DONATION,Disaster Relief,I want to offer support related to disaster relief for people in need,Chennai,CLOSED
1258,89,DONATION,Community Development,I want to offer support related to community development for people in need,Bangalore,OPEN
1259,261,DONATION,Clothing,I want to offer support related to clothing for people in need,Trichy,CLOSED
1260,144,SERVICE,Disaster Relief,I want to offer support related to disaster relief for people in need,Coimbatore,OPEN
1261,180,SERVICE,Education,I want to offer support related to education for people in need,Bangalore,OPEN
1262,263,SERVICE,Healthcare,I want to offer support related to healthcare for people in need,Trichy,OPEN
1263,114,SERVICE,Clothing,I want to offer support related to clothing for people in need,Chennai,CLOSED
1264,159,SERVICE,Education,I want to offer support related to education for people in need,Coimbatore,OPEN
1265,32,SERVICE,Clothing,I want to offer support related to clothing for people in need,Coimbatore,CLOSED
1266,237,DONATION,Education,I want to offer support related to education for people in need,Trichy,OPEN
1267,104,SERVICE,Community Development,I want to offer support related to community development for people in need,Coimbatore,CLOSED
1268,24,SERVICE,Community Development,I want to offer support related to community development for people in need,Trichy,CLOSED
1269,19,DONATION,Healthcare,I want to offer support related to healthcare for people in need,Bangalore,CLOSED
1270,131,DONATION,Clothing,I want to offer support related to clothing for people in need,Coimbatore,CLOSED
1271,170,SERVICE,Clothing,I want to offer support related to clothing for people in need,Bangalore,OPEN
1272,240,SERVICE,Community Development,I want to offer support related to community development for people in need,Chennai,OPEN
1273,203,DONATION,Education,I want to offer support related to education for people in need,Bangalore,CLOSED
1274,271,SERVICE,Food,I want to offer support related to food for people in need,Bangalore,CLOSED
1275,207,DONATION,Disaster Relief,I want to offer support related to disaster relief for people in need,Trichy,OPEN
1276,4,DONATION,Healthcare,I want to offer support related to healthcare for people in need,Chennai,OPEN
1277,163,SERVICE,Disaster Relief,I want to offer support related to disaster relief for people in need,Madurai,CLOSED
1278,26,DONATION,Disaster Relief,I want to offer support related to disaster relief for people in need,Madurai,OPEN
1279,136,DONATION,Food,I want to offer support related to food for people in need,Madurai,CLOSED
1280,247,SERVICE,Food,I want to offer support related to food for people in need,Chennai,CLOSED
1281,135,SERVICE,Disaster Relief,I want to offer support related to disaster relief for people in need,Chennai,CLOSED
1282,241,SERVICE,Community Development,I want to offer support related to community development for people in need,Chennai,CLOSED
1283,208,DONATION,Clothing,I want to offer support related to clothing for people in need,Trichy,CLOSED
1284,84,SERVICE,Education,I want to offer support related to education for people in need,Trichy,OPEN
1285,201,DONATION,Food,I want to offer support related to food for people in need,Madurai,OPEN
1286,153,SERVICE,Clothing,I want to offer support related to clothing for people in need,Bangalore,OPEN
1287,112,DONATION,Healthcare,I want to offer support related to healthcare for people in need,Bangalore,CLOSED
1288,13,SERVICE,Education,I want to offer support related to education for people in need,Bangalore,CLOSED
1289,272,SERVICE,Community Development,I want to offer support related to community development for people in need,Trichy,OPEN
1290,278,SERVICE,Healthcare,I want to offer support related to healthcare for people in need,Chennai,OPEN
1291,226,DONATION,Disaster Relief,I want to offer support related to disaster relief for people in need,Trichy,OPEN
1292,56,SERVICE,Disaster Relief,I want to offer support related to disaster relief for people in need,Bangalore,OPEN
1293,140,DONATION,Healthcare,I want to offer support related to healthcare for people in need,Trichy,OPEN
1294,191,DONATION,Disaster Relief,I want to offer support related to disaster relief for people in need,Chennai,CLOSED
1295,267,DONATION,Clothing,I want to offer support related to clothing for people in need,Bangalore,OPEN
1296,265,SERVICE,Food,I want to offer support related to food for people in need,Coimbatore,OPEN
1297,136,SERVICE,Clothing,I want to offer support related to clothing for people in need,Chennai,OPEN
1298,26,SERVICE,Clothing,I want to offer support related to clothing for people in need,Trichy,OPEN
1299,157,SERVICE,Education,I want to offer support related to education for people in need,Chennai,OPEN
1300,212,SERVICE,Community Development,I want to offer support related to community development for people in need,Trichy,OPEN
1301,194,DONATION,Clothing,I want to offer support related to clothing for people in need,Coimbatore,OPEN
1302,152,DONATION,Clothing,I want to offer support related to clothing for people in need,Chennai,OPEN
1303,95,DONATION,Healthcare,I want to offer support related to healthcare for people in need,Trichy,OPEN
1304,174,SERVICE,Food,I want to offer support related to food for people in need,Madurai,OPEN
1305,89,SERVICE,Community Development,I want to offer support related to community development for people in need,Madurai,OPEN
1306,287,SERVICE,Clothing,I want to offer support related to clothing for people in need,Trichy,OPEN
1307,127,DONATION,Clothing,I want to offer support related to clothing for people in need,Bangalore,OPEN
1308,65,SERVICE,Community Development,I want to offer support related to community development for people in need,Madurai,OPEN
1309,243,DONATION,Disaster Relief,I want to offer support related to disaster relief for people in need,Madurai,OPEN
1310,91,SERVICE,Food,I want to offer support related to food for people in need,Bangalore,CLOSED
1311,173,DONATION,Healthcare,I want to offer support related to healthcare for people in need,Chennai,OPEN
1312,289,SERVICE,Community Development,I want to offer support related to community development for people in need,Trichy,CLOSED
1313,177,SERVICE,Disaster Relief,I want to offer support related to disaster relief for people in need,Trichy,CLOSED
1314,238,DONATION,Disaster Relief,I want to offer support related to disaster relief for people in need,Chennai,OPEN
1315,28,SERVICE,Healthcare,I want to offer support related to healthcare for people in need,Chennai,CLOSED
1316,121,DONATION,Healthcare,I want to offer support related to healthcare for people in need,Chennai,CLOSED
1317,7,SERVICE,Clothing,I want to offer support related to clothing for people in need,Coimbatore,OPEN
1318,198,SERVICE,Disaster Relief,I want to offer support related to disaster relief for people in need,Chennai,CLOSED
1319,23,SERVICE,Food,I want to offer support related to food for people in need,Trichy,CLOSED
1320,289,SERVICE,Clothing,I want to offer support related to clothing for people in need,Madurai,OPEN
1321,3,DONATION,Disaster Relief,I want to offer support related to disaster relief for people in need,Chennai,CLOSED
1322,71,SERVICE,Healthcare,I want to offer support related to healthcare for people in need,Coimbatore,OPEN
1323,276,DONATION,Clothing,I want to offer support related to clothing for people in need,Bangalore,OPEN
1324,217,DONATION,Clothing,I want to offer support related to clothing for people in need,Madurai,CLOSED
1325,86,DONATION,Food,I want to offer support related to food for people in need,Coimbatore,CLOSED
1326,299,DONATION,Education,I want to offer support related to education for people in need,Madurai,CLOSED
1327,271,DONATION,Disaster Relief,I want to offer support related to disaster relief for people in need,Coimbatore,CLOSED
1328,212,DONATION,Clothing,I want to offer support related to clothing for people in need,Coimbatore,OPEN
1329,75,SERVICE,Clothing,I want to offer support related to clothing for people in need,Madurai,CLOSED
1330,234,DONATION,Disaster Relief,I want to offer support related to disaster relief for people in need,Madurai,OPEN
1331,220,SERVICE,Education,I want to offer support related to education for people in need,Madurai,OPEN
1332,227,DONATION,Disaster Relief,I want to offer support related to disaster relief for people in need,Bangalore,CLOSED
1333,224,SERVICE,Education,I want to offer support related to education for people in need,Trichy,OPEN
1334,63,DONATION,Healthcare,I want to offer support related to healthcare for people in need,Coimbatore,CLOSED
1335,119,SERVICE,Healthcare,I want to offer support related to healthcare for people in need,Madurai,OPEN
1336,262,DONATION,Healthcare,I want to offer support related to healthcare for people in need,Trichy,OPEN
1337,258,DONATION,Community Development,I want to offer support related to community development for people in need,Bangalore,CLOSED
1338,250,DONATION,Healthcare,I want to offer support related to healthcare for people in need,Bangalore,CLOSED
1339,70,SERVICE,Community Development,I want to offer support related to community development for people in need,Madurai,OPEN
1340,12,SERVICE,Clothing,I want to offer support related to clothing for people in need,Madurai,CLOSED
1341,114,DONATION,Disaster Relief,I want to offer support related to disaster relief for people in need,Bangalore,CLOSED
1342,26,DONATION,Clothing,I want to offer support related to clothing for people in need,Trichy,CLOSED
1343,210,DONATION,Clothing,I want to offer support related to clothing for people in need,Madurai,CLOSED
1344,39,SERVICE,Education,I want to offer support related to education for people in need,Madurai,CLOSED
1345,110,SERVICE,Education,I want to offer support related to education for people in need,Bangalore,OPEN
1346,48,DONATION,Food,I want to offer support related to food for people in need,Madurai,CLOSED
1347,7,SERVICE,Clothing,I want to offer support related to clothing for people in need,Coimbatore,OPEN
1348,261,DONATION,Community Development,I want to offer support related to community development for people in need,Coimbatore,CLOSED
1349,128,SERVICE,Healthcare,I want to offer support related to healthcare for people in need,Coimbatore,OPEN
1350,88,DONATION,Disaster Relief,I want to offer support related to disaster relief for people in need,Chennai,OPEN
1351,297,DONATION,Healthcare,I want to offer support related to healthcare for people in need,Coimbatore,OPEN
1352,229,DONATION,Clothing,I want to offer support related to clothing for people in need,Trichy,CLOSED
1353,199,DONATION,Community Development,I want to offer support related to community development for people in need,Trichy,OPEN
1354,209,DONATION,Food,I want to offer support related to food for people in need,Trichy,CLOSED
1355,218,SERVICE,Disaster Relief,I want to offer support related to disaster relief for people in need,Coimbatore,CLOSED
1356,263,SERVICE,Food,I want to offer support related to food for people in need,Chennai,OPEN
1357,61,DONATION,Community Development,I want to offer support related to community development for people in need,Chennai,OPEN
1358,26,DONATION,Education,I want to offer support related to education for people in need,Chennai,CLOSED
1359,220,SERVICE,Healthcare,I want to offer support related to healthcare for people in need,Chennai,OPEN
1360,258,SERVICE,Healthcare,I want to offer support related to healthcare for people in need,Coimbatore,OPEN
1361,290,SERVICE,Education,I want to offer support related to education for people in need,Madurai,OPEN
1362,109,DONATION,Clothing,I want to offer support related to clothing for people in need,Coimbatore,CLOSED
1363,216,SERVICE,Disaster Relief,I want to offer support related to disaster relief for people in need,Madurai,OPEN
1364,88,DONATION,Healthcare,I want to offer support related to healthcare for people in need,Bangalore,CLOSED
1365,147,SERVICE,Education,I want to offer support related to education for people in need,Coimbatore,OPEN
1366,79,DONATION,Disaster Relief,I want to offer support related to disaster relief for people in need,Coimbatore,CLOSED
1367,181,DONATION,Healthcare,I want to offer support related to healthcare for people in need,Coimbatore,OPEN
1368,246,DONATION,Community Development,I want to offer support related to community development for people in need,Chennai,CLOSED
1369,58,DONATION,Healthcare,I want to offer support related to healthcare for people in need,Madurai,OPEN
1370,128,SERVICE,Food,I want to offer support related to food for people in need,Coimbatore,CLOSED
1371,62,SERVICE,Food,I want to offer support related to food for people in need,Bangalore,OPEN
1372,31,SERVICE,Clothing,I want to offer support related to clothing for people in need,Trichy,OPEN
1373,107,SERVICE,Education,I want to offer support related to education for people in need,Trichy,CLOSED
1374,225,SERVICE,Disaster Relief,I want to offer support related to disaster relief for people in need,Chennai,OPEN
1375,100,DONATION,Clothing,I want to offer support related to clothing for people in need,Coimbatore,OPEN
1376,63,DONATION,Community Development,I want to offer support related to community development for people in need,Chennai,OPEN
1377,96,SERVICE,Food,I want to offer support related to food for people in need,Chennai,OPEN
1378,292,SERVICE,Community Development,I want to offer support related to community development for people in need,Coimbatore,CLOSED
1379,59,DONATION,Food,I want to offer support related to food for people in need,Madurai,OPEN
1380,143,SERVICE,Disaster Relief,I want to offer support related to disaster relief for people in need,Madurai,CLOSED
1381,194,DONATION,Clothing,I want to offer support related to clothing for people in need,Trichy,OPEN
1382,29,DONATION,Community Development,I want to offer support related to community development for people in need,Bangalore,OPEN
1383,258,DONATION,Community Development,I want to offer support related to community development for people in need,Chennai,CLOSED
1384,171,DONATION,Food,I want to offer support related to food for people in need,Coimbatore,OPEN
1385,295,SERVICE,Food,I want to offer support related to food for people in need,Bangalore,OPEN
1386,291,SERVICE,Disaster Relief,I want to offer support related to disaster relief for people in need,Chennai,OPEN
1387,75,SERVICE,Food,I want to offer support related to food for people in need,Bangalore,CLOSED
1388,109,DONATION,Community Development,I want to offer support related to community development for people in need,Chennai,CLOSED
1389,3,SERVICE,Healthcare,I want to offer support related to healthcare for people in need,Coimbatore,CLOSED
1390,230,DONATION,Community Development,I want to offer support related to community development for people in need,Bangalore,OPEN
1391,25,SERVICE,Disaster Relief,I want to offer support related to disaster relief for people in need,Madurai,CLOSED
1392,288,DONATION,Disaster Relief,I want to offer support related to disaster relief for people in need,Bangalore,CLOSED
1393,125,SERVICE,Food,I want to offer support related to food for people in need,Coimbatore,OPEN
1394,189,SERVICE,Clothing,I want to offer support related to clothing for people in need,Madurai,CLOSED
1395,20,SERVICE,Food,I want to offer support related to food for people in need,Coimbatore,CLOSED
1396,268,DONATION,Community Development,I want to offer support related to community development for people in need,Madurai,OPEN
1397,179,DONATION,Clothing,I want to offer support related to clothing for people in need,Chennai,CLOSED
1398,23,DONATION,Food,I want to offer support related to food for people in need,Trichy,OPEN
1399,297,SERVICE,Healthcare,I want to offer support related to healthcare for people in need,Coimbatore,OPEN
1400,198,SERVICE,Community Development,I want to offer support related to community development for people in need,Coimbatore,OPEN
1401,38,DONATION,Clothing,I want to offer support related to clothing for people in need,Trichy,OPEN
1402,160,SERVICE,Clothing,I want to offer support related to clothing for people in need,Madurai,OPEN
1403,176,DONATION,Clothing,I want to offer support related to clothing for people in need,Chennai,OPEN
1404,99,DONATION,Disaster Relief,I want to offer support related to disaster relief for people in need,Chennai,OPEN
1405,121,DONATION,Education,I want to offer support related to education for people in need,Coimbatore,CLOSED
1406,113,DONATION,Disaster Relief,I want to offer support related to disaster relief for people in need,Chennai,CLOSED
1407,75,SERVICE,Education,I want to offer support related to education for people in need,Trichy,CLOSED
1408,7,DONATION,Disaster Relief,I want to offer support related to disaster relief for people in need,Chennai,CLOSED
1409,31,SERVICE,Clothing,I want to offer support related to clothing for people in need,Coimbatore,CLOSED
1410,286,DONATION,Education,I want to offer support related to education for people in need,Chennai,OPEN
1411,265,DONATION,Clothing,I want to offer support related to clothing for people in need,Madurai,CLOSED
1412,19,DONATION,Disaster Relief,I want to offer support related to disaster relief for people in need,Trichy,CLOSED
1413,177,DONATION,Clothing,I want to offer support related to clothing for people in need,Madurai,OPEN
1414,116,SERVICE,Disaster Relief,I want to offer support related to disaster relief for people in need,Madurai,OPEN
1415,58,DONATION,Clothing,I want to offer support related to clothing for people in need,Bangalore,OPEN
1416,154,SERVICE,Disaster Relief,I want to offer support related to disaster relief for people in need,Coimbatore,OPEN
1417,122,DONATION,Healthcare,I want to offer support related to healthcare for people in need,Chennai,OPEN
1418,293,SERVICE,Community Development,I want to offer support related to community development for people in need,Chennai,OPEN
1419,157,DONATION,Clothing,I want to offer support related to clothing for people in need,Bangalore,CLOSED
1420,256,DONATION,Food,I want to offer support related to food for people in need,Coimbatore,OPEN
1421,41,DONATION,Food,I want to offer support related to food for people in need,Coimbatore,OPEN
1422,297,DONATION,Healthcare,I want to offer support related to healthcare for people in need,Bangalore,OPEN
1423,196,SERVICE,Food,I want to offer support related to food for people in need,Coimbatore,CLOSED
1424,123,SERVICE,Healthcare,I want to offer support related to healthcare for people in need,Bangalore,CLOSED
1425,55,DONATION,Food,I want to offer support related to food for people in need,Bangalore,OPEN
1426,248,DONATION,Clothing,I want to offer support related to clothing for people in need,Chennai,OPEN
1427,178,SERVICE,Education,I want to offer support related to education for people in need,Coimbatore,CLOSED
1428,290,DONATION,Healthcare,I want to offer support related to healthcare for people in need,Chennai,CLOSED
1429,201,DONATION,Clothing,I want to offer support related to clothing for people in need,Coimbatore,OPEN
1430,271,SERVICE,Clothing,I want to offer support related to clothing for people in need,Trichy,OPEN
1431,23,SERVICE,Community Development,I want to offer support related to community development for people in need,Madurai,CLOSED
1432,76,SERVICE,Food,I want to offer support related to food for people in need,Bangalore,CLOSED
1433,146,SERVICE,Food,I want to offer support related to food for people in need,Coimbatore,CLOSED
1434,247,DONATION,Food,I want to offer support related to food for people in need,Coimbatore,CLOSED
1435,134,DONATION,Clothing,I want to offer support related to clothing for people in need,Chennai,CLOSED
1436,160,SERVICE,Clothing,I want to offer support related to clothing for people in need,Bangalore,CLOSED
1437,278,DONATION,Clothing,I want to offer support related to clothing for people in need,Madurai,OPEN
1438,210,DONATION,Clothing,I want to offer support related to clothing for people in need,Trichy,CLOSED
1439,83,DONATION,Disaster Relief,I want to offer support related to disaster relief for people in need,Chennai,OPEN
1440,106,SERVICE,Community Development,I want to offer support related to community development for people in need,Trichy,CLOSED
1441,227,SERVICE,Community Development,I want to offer support related to community development for people in need,Chennai,OPEN
1442,98,DONATION,Community Development,I want to offer support related to community development for people in need,Coimbatore,CLOSED
1443,257,SERVICE,Food,I want to offer support related to food for people in need,Bangalore,OPEN
1444,299,DONATION,Clothing,I want to offer support related to clothing for people in need,Trichy,OPEN
1445,31,DONATION,Community Development,I want to offer support related to community development for people in need,Chennai,OPEN
1446,234,DONATION,Healthcare,I want to offer support related to healthcare for people in need,Chennai,CLOSED
1447,156,SERVICE,Clothing,I want to offer support related to clothing for people in need,Trichy,OPEN
1448,241,DONATION,Food,I want to offer support related to food for people in need,Trichy,OPEN
1449,62,SERVICE,Clothing,I want to offer support related to clothing for people in need,Chennai,OPEN
1450,58,SERVICE,Education,I want to offer support related to education for people in need,Trichy,CLOSED
1451,31,SERVICE,Healthcare,I want to offer support related to healthcare for people in need,Madurai,CLOSED
1452,192,SERVICE,Food,I want to offer support related to food for people in need,Coimbatore,CLOSED
1453,52,DONATION,Clothing,I want to offer support related to clothing for people in need,Bangalore,CLOSED
1454,134,SERVICE,Clothing,I want to offer support related to clothing for people in need,Coimbatore,OPEN
1455,169,DONATION,Education,I want to offer support related to education for people in need,Trichy,CLOSED
1456,172,DONATION,Healthcare,I want to offer support related to healthcare for people in need,Chennai,CLOSED
1457,192,DONATION,Healthcare,I want to offer support related to healthcare for people in need,Trichy,OPEN
1458,286,DONATION,Education,I want to offer support related to education for people in need,Chennai,OPEN
1459,292,DONATION,Community Development,I want to offer support related to community development for people in need,Trichy,OPEN
1460,223,DONATION,Disaster Relief,I want to offer support related to disaster relief for people in need,Bangalore,OPEN
1461,193,SERVICE,Healthcare,I want to offer support related to healthcare for people in need,Chennai,OPEN
1462,191,SERVICE,Clothing,I want to offer support related to clothing for people in need,Chennai,CLOSED
1463,35,DONATION,Community Development,I want to offer support related to community development for people in need,Madurai,OPEN
1464,272,SERVICE,Community Development,I want to offer support related to community development for people in need,Chennai,OPEN
1465,296,SERVICE,Healthcare,I want to offer support related to healthcare for people in need,Trichy,OPEN
1466,66,DONATION,Community Development,I want to offer support related to community development for people in need,Chennai,CLOSED
1467,248,SERVICE,Food,I want to offer support related to food for people in need,Trichy,CLOSED
1468,265,DONATION,Healthcare,I want to offer support related to healthcare for people in need,Trichy,CLOSED
1469,207,DONATION,Clothing,I want to offer support related to clothing for people in need,Trichy,OPEN
1470,295,DONATION,Food,I want to offer support related to food for people in need,Trichy,CLOSED
1471,234,DONATION,Food,I want to offer support related to food for people in need,Madurai,OPEN
1472,12,SERVICE,Disaster Relief,I want to offer support related to disaster relief for people in need,Madurai,OPEN
1473,71,SERVICE,Food,I want to offer support related to food for people in need,Bangalore,OPEN
1474,150,SERVICE,Community Development,I want to offer support related to community development for people in need,Coimbatore,OPEN
1475,210,SERVICE,Disaster Relief,I want to offer support related to disaster relief for people in need,Coimbatore,CLOSED
1476,118,DONATION,Food,I want to offer support related to food for people in need,Madurai,OPEN
1477,247,DONATION,Healthcare,I want to offer support related to healthcare for people in need,Madurai,CLOSED
1478,275,DONATION,Community Development,I want to offer support related to community development for people in need,Coimbatore,OPEN
1479,286,SERVICE,Clothing,I want to offer support related to clothing for people in need,Chennai,OPEN
1480,240,SERVICE,Disaster Relief,I want to offer support related to disaster relief for people in need,Chennai,CLOSED
1481,182,SERVICE,Education,I want to offer support related to education for people in need,Trichy,OPEN
1482,108,DONATION,Healthcare,I want to offer support related to healthcare for people in need,Trichy,CLOSED
1483,68,DONATION,Food,I want to offer support related to food for people in need,Coimbatore,OPEN
1484,10,SERVICE,Food,I want to offer support related to food for people in need,Trichy,OPEN
1485,126,SERVICE,Food,I want to offer support related to food for people in need,Bangalore,CLOSED
1486,54,DONATION,Clothing,I want to offer support related to clothing for people in need,Bangalore,CLOSED
1487,123,DONATION,Disaster Relief,I want to offer support related to disaster relief for people in need,Coimbatore,CLOSED
1488,298,SERVICE,Disaster Relief,I want to offer support related to disaster relief for people in need,Madurai,OPEN
1489,202,SERVICE,Food,I want to offer support related to food for people in need,Madurai,CLOSED
1490,240,SERVICE,Community Development,I want to offer support related to community development for people in need,Bangalore,OPEN
1491,184,DONATION,Healthcare,I want to offer support related to healthcare for people in need,Madurai,CLOSED
1492,243,SERVICE,Clothing,I want to offer support related to clothing for people in need,Trichy,CLOSED
1493,31,DONATION,Clothing,I want to offer support related to clothing for people in need,Bangalore,CLOSED
1494,240,SERVICE,Healthcare,I want to offer support related to healthcare for people in need,Trichy,OPEN
1495,177,DONATION,Education,I want to offer support related to education for people in need,Madurai,CLOSED
1496,58,DONATION,Community Development,I want to offer support related to community development for people in need,Coimbatore,CLOSED
1497,275,DONATION,Community Development,I want to offer support related to community development for people in need,Chennai,CLOSED
1498,272,DONATION,Education,I want to offer support related to education for people in need,Chennai,CLOSED
1499,137,DONATION,Food,I want to offer support related to food for people in need,Madurai,CLOSED
1500,170,DONATION,Disaster Relief,I want to offer support related to disaster relief for people in need,Coimbatore,CLOSED
1501,218,SERVICE,Healthcare,I want to offer support related to healthcare for people in need,Madurai,CLOSED
1502,194,DONATION,Disaster Relief,I want to offer support related to disaster relief for people in need,Chennai,OPEN
1503,111,DONATION,Community Development,I want to offer support related to community development for people in need,Chennai,CLOSED
1504,97,SERVICE,Community Development,I want to offer support related to community development for people in need,Trichy,CLOSED
1505,231,SERVICE,Disaster Relief,I want to offer support related to disaster relief for people in need,Chennai,OPEN
1506,29,SERVICE,Healthcare,I want to offer support related to healthcare for people in need,Coimbatore,OPEN
1507,38,DONATION,Community Development,I want to offer support related to community development for people in need,Trichy,CLOSED
1508,168,SERVICE,Clothing,I want to offer support related to clothing for people in need,Trichy,CLOSED
1509,193,DONATION,Food,I want to offer support related to food for people in need,Chennai,CLOSED
1510,142,DONATION,Disaster Relief,I want to offer support related to disaster relief for people in need,Madurai,OPEN
1511,89,SERVICE,Clothing,I want to offer support related to clothing for people in need,Coimbatore,OPEN
1512,171,DONATION,Clothing,I want to offer support related to clothing for people in need,Trichy,CLOSED
1513,120,DONATION,Clothing,I want to offer support related to clothing for people in need,Bangalore,CLOSED
1514,278,SERVICE,Community Development,I want to offer support related to community development for people in need,Chennai,CLOSED
1515,110,DONATION,Disaster Relief,I want to offer support related to disaster relief for people in need,Coimbatore,CLOSED
1516,276,SERVICE,Clothing,I want to offer support related to clothing for people in need,Coimbatore,OPEN
1517,139,SERVICE,Education,I want to offer support related to education for people in need,Madurai,CLOSED
1518,292,DONATION,Healthcare,I want to offer support related to healthcare for people in need,Bangalore,CLOSED
1519,198,SERVICE,Community Development,I want to offer support related to community development for people in need,Trichy,CLOSED
1520,78,DONATION,Education,I want to offer support related to education for people in need,Bangalore,CLOSED
1521,87,SERVICE,Education,I want to offer support related to education for people in need,Madurai,CLOSED
1522,44,SERVICE,Healthcare,I want to offer support related to healthcare for people in need,Madurai,OPEN
1523,206,DONATION,Community Development,I want to offer support related to community development for people in need,Chennai,CLOSED
1524,135,SERVICE,Clothing,I want to offer support related to clothing for people in need,Bangalore,CLOSED
1525,89,SERVICE,Disaster Relief,I want to offer support related to disaster relief for people in need,Bangalore,CLOSED
1526,94,DONATION,Healthcare,I want to offer support related to healthcare for people in need,Coimbatore,OPEN
1527,71,SERVICE,Education,I want to offer support related to education for people in need,Chennai,CLOSED
1528,93,DONATION,Food,I want to offer support related to food for people in need,Madurai,OPEN
1529,119,DONATION,Community Development,I want to offer support related to community development for people in need,Bangalore,CLOSED
1530,23,DONATION,Education,I want to offer support related to education for people in need,Chennai,OPEN
1531,181,DONATION,Community Development,I want to offer support related to community development for people in need,Coimbatore,OPEN
1532,72,DONATION,Education,I want to offer support related to education for people in need,Chennai,CLOSED
1533,246,DONATION,Clothing,I want to offer support related to clothing for people in need,Madurai,OPEN
1534,253,DONATION,Disaster Relief,I want to offer support related to disaster relief for people in need,Coimbatore,CLOSED
1535,63,DONATION,Education,I want to offer support related to education for people in need,Trichy,OPEN
1536,55,DONATION,Education,I want to offer support related to education for people in need,Bangalore,CLOSED
1537,143,DONATION,Disaster Relief,I want to offer support related to disaster relief for people in need,Madurai,CLOSED
1538,1,SERVICE,Disaster Relief,I want to offer support related to disaster relief for people in need,Madurai,OPEN
1539,261,DONATION,Community Development,I want to offer support related to community development for people in need,Trichy,OPEN
1540,264,DONATION,Food,I want to offer support related to food for people in need,Madurai,OPEN
1541,295,DONATION,Disaster Relief,I want to offer support related to disaster relief for people in need,Bangalore,OPEN
1542,274,DONATION,Healthcare,I want to offer support related to healthcare for people in need,Coimbatore,CLOSED
1543,157,SERVICE,Healthcare,I want to offer support related to healthcare for people in need,Bangalore,OPEN
1544,111,DONATION,Education,I want to offer support related to education for people in need,Coimbatore,OPEN
1545,38,SERVICE,Education,I want to offer support related to education for people in need,Madurai,CLOSED
1546,35,DONATION,Healthcare,I want to offer support related to healthcare for people in need,Trichy,CLOSED
1547,43,DONATION,Clothing,I want to offer support related to clothing for people in need,Chennai,OPEN
1548,49,SERVICE,Disaster Relief,I want to offer support related to disaster relief for people in need,Madurai,CLOSED
1549,145,DONATION,Education,I want to offer support related to education for people in need,Trichy,CLOSED
1550,33,DONATION,Clothing,I want to offer support related to clothing for people in need,Coimbatore,CLOSED
1551,281,DONATION,Disaster Relief,I want to offer support related to disaster relief for people in need,Trichy,CLOSED
1552,42,DONATION,Community Development,I want to offer support related to community development for people in need,Bangalore,OPEN
1553,22,SERVICE,Food,I want to offer support related to food for people in need,Chennai,OPEN
1554,234,DONATION,Healthcare,I want to offer support related to healthcare for people in need,Trichy,CLOSED
1555,83,SERVICE,Disaster Relief,I want to offer support related to disaster relief for people in need,Trichy,CLOSED
1556,66,SERVICE,Education,I want to offer support related to education for people in need,Trichy,CLOSED
1557,59,SERVICE,Healthcare,I want to offer support related to healthcare for people in need,Chennai,OPEN
1558,187,SERVICE,Clothing,I want to offer support related to clothing for people in need,Trichy,CLOSED
1559,94,DONATION,Healthcare,I want to offer support related to healthcare for people in need,Coimbatore,OPEN
1560,172,SERVICE,Food,I want to offer support related to food for people in need,Bangalore,OPEN
1561,238,SERVICE,Food,I want to offer support related to food for people in need,Bangalore,OPEN
1562,225,SERVICE,Education,I want to offer support related to education for people in need,Bangalore,OPEN
1563,219,SERVICE,Food,I want to offer support related to food for people in need,Madurai,OPEN
1564,190,SERVICE,Education,I want to offer support related to education for people in need,Madurai,CLOSED
1565,274,DONATION,Disaster Relief,I want to offer support related to disaster relief for people in need,Coimbatore,CLOSED
1566,56,SERVICE,Food,I want to offer support related to food for people in need,Bangalore,OPEN
1567,218,SERVICE,Education,I want to offer support related to education for people in need,Bangalore,OPEN
1568,249,SERVICE,Food,I want to offer support related to food for people in need,Trichy,CLOSED
1569,161,DONATION,Healthcare,I want to offer support related to healthcare for people in need,Coimbatore,CLOSED
1570,157,SERVICE,Healthcare,I want to offer support related to healthcare for people in need,Chennai,CLOSED
1571,192,DONATION,Clothing,I want to offer support related to clothing for people in need,Trichy,CLOSED
1572,124,DONATION,Clothing,I want to offer support related to clothing for people in need,Coimbatore,OPEN
1573,172,SERVICE,Community Development,I want to offer support related to community development for people in need,Trichy,CLOSED
1574,96,SERVICE,Education,I want to offer support related to education for people in need,Trichy,CLOSED
1575,159,SERVICE,Food,I want to offer support related to food for people in need,Madurai,OPEN
1576,262,SERVICE,Education,I want to offer support related to education for people in need,Trichy,CLOSED
1577,203,SERVICE,Disaster Relief,I want to offer support related to disaster relief for people in need,Trichy,CLOSED
1578,237,SERVICE,Community Development,I want to offer support related to community development for people in need,Bangalore,CLOSED
1579,56,SERVICE,Food,I want to offer support related to food for people in need,Bangalore,CLOSED
1580,298,SERVICE,Disaster Relief,I want to offer support related to disaster relief for people in need,Chennai,OPEN
1581,270,DONATION,Food,I want to offer support related to food for people in need,Coimbatore,OPEN
1582,172,SERVICE,Community Development,I want to offer support related to community development for people in need,Bangalore,OPEN
1583,55,SERVICE,Education,I want to offer support related to education for people in need,Chennai,CLOSED
1584,140,DONATION,Clothing,I want to offer support related to clothing for people in need,Bangalore,OPEN
1585,123,DONATION,Healthcare,I want to offer support related to healthcare for people in need,Trichy,OPEN
1586,33,DONATION,Food,I want to offer support related to food for people in need,Madurai,CLOSED
1587,30,DONATION,Disaster Relief,I want to offer support related to disaster relief for people in need,Coimbatore,OPEN
1588,250,SERVICE,Disaster Relief,I want to offer support related to disaster relief for people in need,Bangalore,OPEN
1589,10,DONATION,Community Development,I want to offer support related to community development for people in need,Madurai,OPEN
1590,54,DONATION,Education,I want to offer support related to education for people in need,Trichy,CLOSED
1591,112,DONATION,Education,I want to offer support related to education for people in need,Bangalore,CLOSED
1592,255,DONATION,Education,I want to offer support related to education for people in need,Bangalore,CLOSED
1593,155,DONATION,Food,I want to offer support related to food for people in need,Chennai,OPEN
1594,41,SERVICE,Food,I want to offer support related to food for people in need,Trichy,CLOSED
1595,114,SERVICE,Education,I want to offer support related to education for people in need,Trichy,OPEN
1596,145,SERVICE,Community Development,I want to offer support related to community development for people in need,Trichy,OPEN
1597,177,SERVICE,Education,I want to offer support related to education for people in need,Coimbatore,OPEN
1598,235,SERVICE,Disaster Relief,I want to offer support related to disaster relief for people in need,Bangalore,CLOSED
1599,103,DONATION,Education,I want to offer support related to education for people in need,Madurai,CLOSED
1600,230,DONATION,Healthcare,I want to offer support related to healthcare for people in need,Coimbatore,CLOSED
1601,283,DONATION,Food,I want to offer support related to food for people in need,Chennai,OPEN
1602,237,SERVICE,Disaster Relief,I want to offer support related to disaster relief for people in need,Trichy,OPEN
1603,207,DONATION,Healthcare,I want to offer support related to healthcare for people in need,Madurai,CLOSED
1604,77,DONATION,Clothing,I want to offer support related to clothing for people in need,Trichy,CLOSED
1605,86,DONATION,Healthcare,I want to offer support related to healthcare for people in need,Madurai,CLOSED
1606,91,SERVICE,Disaster Relief,I want to offer support related to disaster relief for people in need,Trichy,CLOSED
1607,86,DONATION,Community Development,I want to offer support related to community development for people in need,Trichy,CLOSED
1608,125,DONATION,Clothing,I want to offer support related to clothing for people in need,Madurai,OPEN
1609,284,DONATION,Food,I want to offer support related to food for people in need,Chennai,OPEN
1610,163,SERVICE,Food,I want to offer support related to food for people in need,Trichy,OPEN
1611,231,SERVICE,Healthcare,I want to offer support related to healthcare for people in need,Chennai,OPEN
1612,173,SERVICE,Clothing,I want to offer support related to clothing for people in need,Madurai,OPEN
1613,100,SERVICE,Clothing,I want to offer support related to clothing for people in need,Chennai,CLOSED
1614,140,SERVICE,Disaster Relief,I want to offer support related to disaster relief for people in need,Trichy,OPEN
1615,194,SERVICE,Education,I want to offer support related to education for people in need,Trichy,OPEN
1616,52,SERVICE,Food,I want to offer support related to food for people in need,Trichy,CLOSED
1617,37,DONATION,Community Development,I want to offer support related to community development for people in need,Coimbatore,OPEN
1618,123,DONATION,Education,I want to offer support related to education for people in need,Trichy,CLOSED
1619,103,SERVICE,Food,I want to offer support related to food for people in need,Chennai,CLOSED
1620,291,SERVICE,Food,I want to offer support related to food for people in need,Coimbatore,CLOSED
1621,36,DONATION,Community Development,I want to offer support related to community development for people in need,Coimbatore,CLOSED
1622,270,DONATION,Clothing,I want to offer support related to clothing for people in need,Bangalore,OPEN
1623,21,SERVICE,Food,I want to offer support related to food for people in need,Coimbatore,CLOSED
1624,13,SERVICE,Disaster Relief,I want to offer support related to disaster relief for people in need,Bangalore,CLOSED
1625,192,DONATION,Community Development,I want to offer support related to community development for people in need,Madurai,OPEN
1626,65,SERVICE,Disaster Relief,I want to offer support related to disaster relief for people in need,Coimbatore,CLOSED
1627,75,DONATION,Healthcare,I want to offer support related to healthcare for people in need,Chennai,OPEN
1628,36,DONATION,Healthcare,I want to offer support related to healthcare for people in need,Coimbatore,CLOSED
1629,210,SERVICE,Community Development,I want to offer support related to community development for people in need,Coimbatore,OPEN
1630,11,DONATION,Food,I want to offer support related to food for people in need,Trichy,CLOSED
1631,120,SERVICE,Disaster Relief,I want to offer support related to disaster relief for people in need,Bangalore,OPEN
1632,51,SERVICE,Food,I want to offer support related to food for people in need,Madurai,OPEN
1633,276,SERVICE,Healthcare,I want to offer support related to healthcare for people in need,Trichy,CLOSED
1634,159,DONATION,Clothing,I want to offer support related to clothing for people in need,Bangalore,OPEN
1635,137,SERVICE,Food,I want to offer support related to food for people in need,Bangalore,CLOSED
1636,174,DONATION,Healthcare,I want to offer support related to healthcare for people in need,Chennai,CLOSED
1637,239,DONATION,Food,I want to offer support related to food for people in need,Coimbatore,CLOSED
1638,197,DONATION,Clothing,I want to offer support related to clothing for people in need,Chennai,OPEN
1639,193,DONATION,Education,I want to offer support related to education for people in need,Trichy,OPEN
1640,216,DONATION,Community Development,I want to offer support related to community development for people in need,Trichy,CLOSED
1641,119,DONATION,Healthcare,I want to offer support related to healthcare for people in need,Bangalore,CLOSED
1642,37,DONATION,Education,I want to offer support related to education for people in need,Bangalore,OPEN
1643,97,SERVICE,Healthcare,I want to offer support related to healthcare for people in need,Trichy,CLOSED
1644,150,SERVICE,Disaster Relief,I want to offer support related to disaster relief for people in need,Trichy,OPEN
1645,234,DONATION,Healthcare,I want to offer support related to healthcare for people in need,Trichy,CLOSED
1646,129,DONATION,Healthcare,I want to offer support related to healthcare for people in need,Trichy,CLOSED
1647,286,SERVICE,Healthcare,I want to offer support related to healthcare for people in need,Bangalore,OPEN
1648,215,SERVICE,Disaster Relief,I want to offer support related to disaster relief for people in need,Madurai,CLOSED
1649,273,DONATION,Food,I want to offer support related to food for people in need,Madurai,OPEN
1650,231,DONATION,Disaster Relief,I want to offer support related to disaster relief for people in need,Chennai,CLOSED
1651,234,DONATION,Healthcare,I want to offer support related to healthcare for people in need,Madurai,OPEN
1652,228,SERVICE,Education,I want to offer support related to education for people in need,Chennai,CLOSED
1653,277,DONATION,Clothing,I want to offer support related to clothing for people in need,Coimbatore,OPEN
1654,183,DONATION,Disaster Relief,I want to offer support related to disaster relief for people in need,Madurai,OPEN
1655,158,DONATION,Healthcare,I want to offer support related to healthcare for people in need,Madurai,OPEN
1656,82,DONATION,Community Development,I want to offer support related to community development for people in need,Madurai,CLOSED
1657,33,SERVICE,Disaster Relief,I want to offer support related to disaster relief for people in need,Coimbatore,CLOSED
1658,177,DONATION,Healthcare,I want to offer support related to healthcare for people in need,Trichy,CLOSED
1659,62,SERVICE,Healthcare,I want to offer support related to healthcare for people in need,Bangalore,CLOSED
1660,206,DONATION,Community Development,I want to offer support related to community development for people in need,Coimbatore,CLOSED
1661,55,DONATION,Clothing,I want to offer support related to clothing for people in need,Chennai,OPEN
1662,81,SERVICE,Clothing,I want to offer support related to clothing for people in need,Trichy,OPEN
1663,209,DONATION,Disaster Relief,I want to offer support related to disaster relief for people in need,Trichy,OPEN
1664,7,SERVICE,Community Development,I want to offer support related to community development for people in need,Bangalore,CLOSED
1665,298,SERVICE,Education,I want to offer support related to education for people in need,Madurai,CLOSED
1666,249,DONATION,Disaster Relief,I want to offer support related to disaster relief for people in need,Coimbatore,OPEN
1667,114,DONATION,Clothing,I want to offer support related to clothing for people in need,Trichy,CLOSED
1668,95,DONATION,Food,I want to offer support related to food for people in need,Coimbatore,OPEN
1669,76,SERVICE,Food,I want to offer support related to food for people in need,Coimbatore,OPEN
1670,87,DONATION,Food,I want to offer support related to food for people in need,Trichy,CLOSED
1671,270,SERVICE,Education,I want to offer support related to education for people in need,Chennai,OPEN
1672,267,SERVICE,Community Development,I want to offer support related to community development for people in need,Coimbatore,OPEN
1673,85,SERVICE,Food,I want to offer support related to food for people in need,Chennai,OPEN
1674,266,SERVICE,Clothing,I want to offer support related to clothing for people in need,Trichy,OPEN
1675,229,DONATION,Clothing,I want to offer support related to clothing for people in need,Chennai,CLOSED
1676,78,SERVICE,Food,I want to offer support related to food for people in need,Bangalore,OPEN
1677,163,SERVICE,Healthcare,I want to offer support related to healthcare for people in need,Bangalore,OPEN
1678,285,SERVICE,Disaster Relief,I want to offer support related to disaster relief for people in need,Madurai,CLOSED
1679,296,SERVICE,Clothing,I want to offer support related to clothing for people in need,Madurai,CLOSED
1680,2,SERVICE,Clothing,I want to offer support related to clothing for people in need,Trichy,OPEN
1681,62,SERVICE,Clothing,I want to offer support related to clothing for people in need,Coimbatore,OPEN
1682,161,DONATION,Disaster Relief,I want to offer support related to disaster relief for people in need,Bangalore,CLOSED
1683,271,SERVICE,Education,I want to offer support related to education for people in need,Bangalore,OPEN
1684,40,DONATION,Clothing,I want to offer support related to clothing for people in need,Trichy,OPEN
1685,277,DONATION,Food,I want to offer support related to food for people in need,Bangalore,OPEN
1686,273,DONATION,Education,I want to offer support related to education for people in need,Bangalore,OPEN
1687,286,DONATION,Healthcare,I want to offer support related to healthcare for people in need,Coimbatore,CLOSED
1688,19,SERVICE,Education,I want to offer support related to education for people in need,Coimbatore,OPEN
1689,232,DONATION,Clothing,I want to offer support related to clothing for people in need,Bangalore,OPEN
1690,233,DONATION,Education,I want to offer support related to education for people in need,Bangalore,OPEN
1691,272,SERVICE,Disaster Relief,I want to offer support related to disaster relief for people in need,Bangalore,CLOSED
1692,5,DONATION,Education,I want to offer support related to education for people in need,Trichy,OPEN
1693,75,DONATION,Disaster Relief,I want to offer support related to disaster relief for people in need,Madurai,CLOSED
1694,253,SERVICE,Food,I want to offer support related to food for people in need,Bangalore,OPEN
1695,192,SERVICE,Education,I want to offer support related to education for people in need,Madurai,CLOSED
1696,3,SERVICE,Food,I want to offer support related to food for people in need,Coimbatore,OPEN
1697,163,DONATION,Clothing,I want to offer support related to clothing for people in need,Chennai,CLOSED
1698,180,DONATION,Clothing,I want to offer support related to clothing for people in need,Bangalore,OPEN
1699,71,SERVICE,Clothing,I want to offer support related to clothing for people in need,Trichy,OPEN
1700,73,DONATION,Food,I want to offer support related to food for people in need,Madurai,CLOSED
1701,251,DONATION,Food,I want to offer support related to food for people in need,Chennai,CLOSED
1702,258,DONATION,Disaster Relief,I want to offer support related to disaster relief for people in need,Bangalore,CLOSED
1703,202,DONATION,Disaster Relief,I want to offer support related to disaster relief for people in need,Bangalore,CLOSED
1704,206,DONATION,Disaster Relief,I want to offer support related to disaster relief for people in need,Madurai,OPEN
1705,279,SERVICE,Food,I want to offer support related to food for people in need,Bangalore,OPEN
1706,180,DONATION,Healthcare,I want to offer support related to healthcare for people in need,Chennai,OPEN
1707,35,SERVICE,Clothing,I want to offer support related to clothing for people in need,Trichy,CLOSED
1708,232,SERVICE,Healthcare,I want to offer support related to healthcare for people in need,Coimbatore,CLOSED
1709,232,DONATION,Clothing,I want to offer support related to clothing for people in need,Coimbatore,CLOSED
1710,190,DONATION,Clothing,I want to offer support related to clothing for people in need,Bangalore,CLOSED
1711,154,SERVICE,Food,I want to offer support related to food for people in need,Trichy,OPEN
1712,181,SERVICE,Education,I want to offer support related to education for people in need,Madurai,CLOSED
1713,55,DONATION,Education,I want to offer support related to education for people in need,Trichy,CLOSED
1714,185,DONATION,Healthcare,I want to offer support related to healthcare for people in need,Coimbatore,OPEN
1715,195,SERVICE,Healthcare,I want to offer support related to healthcare for people in need,Madurai,CLOSED
1716,186,SERVICE,Food,I want to offer support related to food for people in need,Coimbatore,OPEN
1717,267,DONATION,Food,I want to offer support related to food for people in need,Chennai,OPEN
1718,156,SERVICE,Education,I want to offer support related to education for people in need,Trichy,OPEN
1719,226,DONATION,Community Development,I want to offer support related to community development for people in need,Madurai,OPEN
1720,236,SERVICE,Education,I want to offer support related to education for people in need,Coimbatore,OPEN
1721,216,DONATION,Community Development,I want to offer support related to community development for people in need,Chennai,OPEN
1722,11,SERVICE,Healthcare,I want to offer support related to healthcare for people in need,Chennai,CLOSED
1723,94,DONATION,Disaster Relief,I want to offer support related to disaster relief for people in need,Bangalore,CLOSED
1724,158,SERVICE,Community Development,I want to offer support related to community development for people in need,Chennai,CLOSED
1725,37,SERVICE,Clothing,I want to offer support related to clothing for people in need,Coimbatore,OPEN
1726,164,DONATION,Community Development,I want to offer support related to community development for people in need,Trichy,CLOSED
1727,162,DONATION,Healthcare,I want to offer support related to healthcare for people in need,Madurai,OPEN
1728,93,DONATION,Healthcare,I want to offer support related to healthcare for people in need,Coimbatore,OPEN
1729,158,SERVICE,Community Development,I want to offer support related to community development for people in need,Chennai,CLOSED
1730,245,DONATION,Community Development,I want to offer support related to community development for people in need,Chennai,CLOSED
1731,69,SERVICE,Education,I want to offer support related to education for people in need,Chennai,OPEN
1732,84,DONATION,Education,I want to offer support related to education for people in need,Trichy,OPEN
1733,283,SERVICE,Clothing,I want to offer support related to clothing for people in need,Chennai,OPEN
1734,86,DONATION,Clothing,I want to offer support related to clothing for people in need,Chennai,OPEN
1735,225,SERVICE,Community Development,I want to offer support related to community development for people in need,Bangalore,OPEN
1736,126,SERVICE,Education,I want to offer support related to education for people in need,Madurai,OPEN
1737,99,SERVICE,Food,I want to offer support related to food for people in need,Bangalore,OPEN
1738,283,SERVICE,Education,I want to offer support related to education for people in need,Trichy,CLOSED
1739,299,SERVICE,Clothing,I want to offer support related to clothing for people in need,Trichy,CLOSED
1740,265,DONATION,Disaster Relief,I want to offer support related to disaster relief for people in need,Trichy,CLOSED
1741,41,DONATION,Clothing,I want to offer support related to clothing for people in need,Madurai,CLOSED
1742,49,DONATION,Disaster Relief,I want to offer support related to disaster relief for people in need,Bangalore,OPEN
1743,245,SERVICE,Food,I want to offer support related to food for people in need,Coimbatore,CLOSED
1744,198,SERVICE,Disaster Relief,I want to offer support related to disaster relief for people in need,Bangalore,OPEN
1745,164,SERVICE,Healthcare,I want to offer support related to healthcare for people in need,Coimbatore,OPEN
1746,137,SERVICE,Clothing,I want to offer support related to clothing for people in need,Chennai,OPEN
1747,213,DONATION,Food,I want to offer support related to food for people in need,Trichy,CLOSED
1748,87,SERVICE,Healthcare,I want to offer support related to healthcare for people in need,Coimbatore,CLOSED
1749,64,SERVICE,Clothing,I want to offer support related to clothing for people in need,Coimbatore,OPEN
1750,204,SERVICE,Healthcare,I want to offer support related to healthcare for people in need,Chennai,OPEN
1751,29,SERVICE,Disaster Relief,I want to offer support related to disaster relief for people in need,Coimbatore,OPEN
1752,193,DONATION,Disaster Relief,I want to offer support related to disaster relief for people in need,Madurai,CLOSED
1753,173,SERVICE,Clothing,I want to offer support related to clothing for people in need,Coimbatore,CLOSED
1754,154,SERVICE,Healthcare,I want to offer support related to healthcare for people in need,Bangalore,OPEN
1755,104,SERVICE,Food,I want to offer support related to food for people in need,Coimbatore,CLOSED
1756,231,SERVICE,Education,I want to offer support related to education for people in need,Chennai,CLOSED
1757,57,DONATION,Community Development,I want to offer support related to community development for people in need,Trichy,OPEN
1758,203,SERVICE,Food,I want to offer support related to food for people in need,Bangalore,CLOSED
1759,158,DONATION,Disaster Relief,I want to offer support related to disaster relief for people in need,Chennai,OPEN
1760,125,DONATION,Community Development,I want to offer support related to community development for people in need,Chennai,OPEN
1761,214,SERVICE,Community Development,I want to offer support related to community development for people in need,Trichy,CLOSED
1762,96,SERVICE,Healthcare,I want to offer support related to healthcare for people in need,Chennai,CLOSED
1763,282,SERVICE,Clothing,I want to offer support related to clothing for people in need,Bangalore,CLOSED
1764,127,SERVICE,Healthcare,I want to offer support related to healthcare for people in need,Bangalore,OPEN
1765,203,SERVICE,Disaster Relief,I want to offer support related to disaster relief for people in need,Coimbatore,CLOSED
1766,35,SERVICE,Food,I want to offer support related to food for people in need,Coimbatore,CLOSED
1767,211,DONATION,Clothing,I want to offer support related to clothing for people in need,Trichy,CLOSED
1768,152,DONATION,Education,I want to offer support related to education for people in need,Bangalore,CLOSED
1769,103,SERVICE,Food,I want to offer support related to food for people in need,Trichy,OPEN
1770,231,DONATION,Food,I want to offer support related to food for people in need,Chennai,OPEN
1771,116,DONATION,Healthcare,I want to offer support related to healthcare for people in need,Madurai,OPEN
1772,117,DONATION,Disaster Relief,I want to offer support related to disaster relief for people in need,Bangalore,OPEN
1773,192,SERVICE,Healthcare,I want to offer support related to healthcare for people in need,Madurai,CLOSED
1774,140,SERVICE,Clothing,I want to offer support related to clothing for people in need,Coimbatore,OPEN
1775,239,DONATION,Clothing,I want to offer support related to clothing for people in need,Coimbatore,CLOSED
1776,4,SERVICE,Disaster Relief,I want to offer support related to disaster relief for people in need,Bangalore,CLOSED
1777,181,SERVICE,Clothing,I want to offer support related to clothing for people in need,Madurai,OPEN
1778,135,DONATION,Education,I want to offer support related to education for people in need,Chennai,CLOSED
1779,40,DONATION,Healthcare,I want to offer support related to healthcare for people in need,Coimbatore,OPEN
1780,246,SERVICE,Food,I want to offer support related to food for people in need,Bangalore,OPEN
1781,293,SERVICE,Disaster Relief,I want to offer support related to disaster relief for people in need,Coimbatore,CLOSED
1782,180,DONATION,Disaster Relief,I want to offer support related to disaster relief for people in need,Coimbatore,CLOSED
1783,57,SERVICE,Clothing,I want to offer support related to clothing for people in need,Madurai,OPEN
1784,141,SERVICE,Healthcare,I want to offer support related to healthcare for people in need,Coimbatore,CLOSED
1785,29,SERVICE,Clothing,I want to offer support related to clothing for people in need,Chennai,CLOSED
1786,136,DONATION,Community Development,I want to offer support related to community development for people in need,Trichy,OPEN
1787,222,DONATION,Food,I want to offer support related to food for people in need,Madurai,CLOSED
1788,226,DONATION,Education,I want to offer support related to education for people in need,Madurai,OPEN
1789,76,DONATION,Community Development,I want to offer support related to community development for people in need,Trichy,CLOSED
1790,163,SERVICE,Community Development,I want to offer support related to community development for people in need,Trichy,OPEN
1791,211,SERVICE,Clothing,I want to offer support related to clothing for people in need,Chennai,OPEN
1792,73,DONATION,Community Development,I want to offer support related to community development for people in need,Chennai,CLOSED
1793,10,DONATION,Community Development,I want to offer support related to community development for people in need,Chennai,CLOSED
1794,81,SERVICE,Education,I want to offer support related to education for people in need,Trichy,CLOSED
1795,228,DONATION,Food,I want to offer support related to food for people in need,Trichy,OPEN
1796,183,SERVICE,Clothing,I want to offer support related to clothing for people in need,Madurai,OPEN
1797,197,SERVICE,Education,I want to offer support related to education for people in need,Coimbatore,CLOSED
1798,195,DONATION,Community Development,I want to offer support related to community development for people in need,Chennai,CLOSED
1799,172,SERVICE,Education,I want to offer support related to education for people in need,Chennai,OPEN
1800,126,DONATION,Clothing,I want to offer support related to clothing for people in need,Coimbatore,CLOSED
1801,215,DONATION,Clothing,I want to offer support related to clothing for people in need,Trichy,CLOSED
1802,240,SERVICE,Education,I want to offer support related to education for people in need,Bangalore,CLOSED
1803,51,DONATION,Disaster Relief,I want to offer support related to disaster relief for people in need,Trichy,OPEN
1804,9,DONATION,Disaster Relief,I want to offer support related to disaster relief for people in need,Trichy,CLOSED
1805,15,SERVICE,Disaster Relief,I want to offer support related to disaster relief for people in need,Bangalore,CLOSED
1806,263,DONATION,Food,I want to offer support related to food for people in need,Coimbatore,CLOSED
1807,151,SERVICE,Disaster Relief,I want to offer support related to disaster relief for people in need,Madurai,OPEN
1808,223,DONATION,Community Development,I want to offer support related to community development for people in need,Coimbatore,CLOSED
1809,162,SERVICE,Community Development,I want to offer support related to community development for people in need,Trichy,OPEN
1810,242,DONATION,Community Development,I want to offer support related to community development for people in need,Trichy,CLOSED
1811,186,SERVICE,Disaster Relief,I want to offer support related to disaster relief for people in need,Bangalore,CLOSED
1812,284,DONATION,Community Development,I want to offer support related to community development for people in need,Madurai,OPEN
1813,147,DONATION,Community Development,I want to offer support related to community development for people in need,Coimbatore,CLOSED
1814,124,SERVICE,Education,I want to offer support related to education for people in need,Chennai,CLOSED
1815,155,DONATION,Healthcare,I want to offer support related to healthcare for people in need,Coimbatore,OPEN
1816,87,SERVICE,Healthcare,I want to offer support related to healthcare for people in need,Madurai,CLOSED
1817,115,DONATION,Community Development,I want to offer support related to community development for people in need,Bangalore,OPEN
1818,182,SERVICE,Community Development,I want to offer support related to community development for people in need,Madurai,CLOSED
1819,201,DONATION,Education,I want to offer support related to education for people in need,Bangalore,OPEN
1820,175,DONATION,Disaster Relief,I want to offer support related to disaster relief for people in need,Madurai,OPEN
1821,205,DONATION,Community Development,I want to offer support related to community development for people in need,Trichy,CLOSED
1822,146,SERVICE,Food,I want to offer support related to food for people in need,Trichy,OPEN
1823,270,DONATION,Clothing,I want to offer support related to clothing for people in need,Trichy,CLOSED
1824,41,DONATION,Healthcare,I want to offer support related to healthcare for people in need,Bangalore,CLOSED
1825,21,DONATION,Community Development,I want to offer support related to community development for people in need,Madurai,OPEN
1826,9,SERVICE,Healthcare,I want to offer support related to healthcare for people in need,Coimbatore,OPEN
1827,295,DONATION,Community Development,I want to offer support related to community development for people in need,Chennai,OPEN
1828,130,DONATION,Food,I want to offer support related to food for people in need,Trichy,CLOSED
1829,54,DONATION,Community Development,I want to offer support related to community development for people in need,Chennai,OPEN
1830,167,SERVICE,Community Development,I want to offer support related to community development for people in need,Coimbatore,CLOSED
1831,37,DONATION,Education,I want to offer support related to education for people in need,Madurai,OPEN
1832,126,SERVICE,Community Development,I want to offer support related to community development for people in need,Trichy,OPEN
1833,25,DONATION,Education,I want to offer support related to education for people in need,Bangalore,OPEN
1834,27,DONATION,Clothing,I want to offer support related to clothing for people in need,Bangalore,OPEN
1835,162,DONATION,Clothing,I want to offer support related to clothing for people in need,Chennai,OPEN
1836,152,SERVICE,Education,I want to offer support related to education for people in need,Bangalore,OPEN
1837,203,SERVICE,Community Development,I want to offer support related to community development for people in need,Bangalore,CLOSED
1838,284,DONATION,Food,I want to offer support related to food for people in need,Madurai,OPEN
1839,71,SERVICE,Education,I want to offer support related to education for people in need,Coimbatore,CLOSED
1840,246,SERVICE,Education,I want to offer support related to education for people in need,Trichy,CLOSED
1841,176,SERVICE,Healthcare,I want to offer support related to healthcare for people in need,Madurai,CLOSED
1842,199,DONATION,Disaster Relief,I want to offer support related to disaster relief for people in need,Coimbatore,OPEN
1843,2,DONATION,Disaster Relief,I want to offer support related to disaster relief for people in need,Bangalore,CLOSED
1844,202,SERVICE,Clothing,I want to offer support related to clothing for people in need,Bangalore,CLOSED
1845,35,SERVICE,Disaster Relief,I want to offer support related to disaster relief for people in need,Madurai,OPEN
1846,153,SERVICE,Education,I want to offer support related to education for people in need,Madurai,CLOSED
1847,18,DONATION,Education,I want to offer support related to education for people in need,Bangalore,OPEN
1848,84,SERVICE,Healthcare,I want to offer support related to healthcare for people in need,Madurai,CLOSED
1849,201,SERVICE,Education,I want to offer support related to education for people in need,Trichy,CLOSED
1850,99,SERVICE,Education,I want to offer support related to education for people in need,Bangalore,OPEN
1851,38,DONATION,Healthcare,I want to offer support related to healthcare for people in need,Chennai,CLOSED
1852,187,SERVICE,Clothing,I want to offer support related to clothing for people in need,Chennai,OPEN
1853,45,DONATION,Healthcare,I want to offer support related to healthcare for people in need,Coimbatore,CLOSED
1854,292,SERVICE,Disaster Relief,I want to offer support related to disaster relief for people in need,Trichy,OPEN
1855,33,DONATION,Food,I want to offer support related to food for people in need,Bangalore,OPEN
1856,238,DONATION,Disaster Relief,I want to offer support related to disaster relief for people in need,Madurai,OPEN
1857,59,SERVICE,Healthcare,I want to offer support related to healthcare for people in need,Chennai,OPEN
1858,16,SERVICE,Disaster Relief,I want to offer support related to disaster relief for people in need,Madurai,CLOSED
1859,19,DONATION,Community Development,I want to offer support related to community development for people in need,Bangalore,OPEN
1860,241,DONATION,Food,I want to offer support related to food for people in need,Trichy,CLOSED
1861,214,SERVICE,Community Development,I want to offer support related to community development for people in need,Chennai,OPEN
1862,284,SERVICE,Food,I want to offer support related to food for people in need,Coimbatore,CLOSED
1863,296,DONATION,Disaster Relief,I want to offer support related to disaster relief for people in need,Chennai,CLOSED
1864,274,SERVICE,Education,I want to offer support related to education for people in need,Coimbatore,OPEN
1865,290,DONATION,Healthcare,I want to offer support related to healthcare for people in need,Madurai,CLOSED
1866,153,SERVICE,Healthcare,I want to offer support related to healthcare for people in need,Chennai,OPEN
1867,65,SERVICE,Disaster Relief,I want to offer support related to disaster relief for people in need,Bangalore,CLOSED
1868,219,SERVICE,Community Development,I want to offer support related to community development for people in need,Coimbatore,OPEN
1869,230,SERVICE,Education,I want to offer support related to education for people in need,Chennai,CLOSED
1870,180,DONATION,Food,I want to offer support related to food for people in need,Chennai,CLOSED
1871,266,SERVICE,Community Development,I want to offer support related to community development for people in need,Bangalore,CLOSED
1872,244,DONATION,Education,I want to offer support related to education for people in need,Madurai,CLOSED
1873,279,SERVICE,Food,I want to offer support related to food for people in need,Madurai,OPEN
1874,71,SERVICE,Food,I want to offer support related to food for people in need,Coimbatore,OPEN
1875,7,DONATION,Education,I want to offer support related to education for people in need,Coimbatore,CLOSED
1876,26,SERVICE,Community Development,I want to offer support related to community development for people in need,Coimbatore,CLOSED
1877,2,DONATION,Clothing,I want to offer support related to clothing for people in need,Trichy,OPEN
1878,227,DONATION,Education,I want to offer support related to education for people in need,Chennai,CLOSED
1879,272,SERVICE,Disaster Relief,I want to offer support related to disaster relief for people in need,Coimbatore,CLOSED
1880,228,SERVICE,Food,I want to offer support related to food for people in need,Bangalore,CLOSED
1881,151,SERVICE,Education,I want to offer support related to education for people in need,Bangalore,CLOSED
1882,236,SERVICE,Healthcare,I want to offer support related to healthcare for people in need,Bangalore,CLOSED
1883,249,SERVICE,Healthcare,I want to offer support related to healthcare for people in need,Trichy,OPEN
1884,180,SERVICE,Food,I want to offer support related to food for people in need,Madurai,CLOSED
1885,101,SERVICE,Healthcare,I want to offer support related to healthcare for people in need,Madurai,OPEN
1886,36,DONATION,Food,I want to offer support related to food for people in need,Madurai,OPEN
1887,204,SERVICE,Community Development,I want to offer support related to community development for people in need,Chennai,OPEN
1888,86,SERVICE,Clothing,I want to offer support related to clothing for people in need,Chennai,OPEN
1889,193,SERVICE,Healthcare,I want to offer support related to healthcare for people in need,Coimbatore,CLOSED
1890,125,DONATION,Education,I want to offer support related to education for people in need,Trichy,OPEN
1891,89,SERVICE,Clothing,I want to offer support related to clothing for people in need,Coimbatore,OPEN
1892,47,SERVICE,Clothing,I want to offer support related to clothing for people in need,Coimbatore,CLOSED
1893,22,DONATION,Healthcare,I want to offer support related to healthcare for people in need,Bangalore,OPEN
1894,154,SERVICE,Community Development,I want to offer support related to community development for people in need,Madurai,CLOSED
1895,244,DONATION,Food,I want to offer support related to food for people in need,Chennai,OPEN
1896,18,SERVICE,Disaster Relief,I want to offer support related to disaster relief for people in need,Coimbatore,OPEN
1897,110,DONATION,Community Development,I want to offer support related to community development for people in need,Madurai,OPEN
1898,211,SERVICE,Food,I want to offer support related to food for people in need,Trichy,OPEN
1899,75,DONATION,Food,I want to offer support related to food for people in need,Bangalore,OPEN
1900,294,DONATION,Community Development,I want to offer support related to community development for people in need,Coimbatore,OPEN
1901,295,SERVICE,Healthcare,I want to offer support related to healthcare for people in need,Bangalore,CLOSED
1902,55,DONATION,Disaster Relief,I want to offer support related to disaster relief for people in need,Coimbatore,CLOSED
1903,60,DONATION,Education,I want to offer support related to education for people in need,Chennai,OPEN
1904,265,DONATION,Disaster Relief,I want to offer support related to disaster relief for people in need,Chennai,CLOSED
1905,163,DONATION,Education,I want to offer support related to education for people in need,Chennai,CLOSED
1906,83,SERVICE,Education,I want to offer support related to education for people in need,Bangalore,OPEN
1907,52,DONATION,Community Development,I want to offer support related to community development for people in need,Chennai,OPEN
1908,23,DONATION,Education,I want to offer support related to education for people in need,Chennai,OPEN
1909,275,DONATION,Clothing,I want to offer support related to clothing for people in need,Chennai,CLOSED
1910,257,SERVICE,Healthcare,I want to offer support related to healthcare for people in need,Coimbatore,OPEN
1911,64,SERVICE,Disaster Relief,I want to offer support related to disaster relief for people in need,Madurai,OPEN
1912,51,SERVICE,Disaster Relief,I want to offer support related to disaster relief for people in need,Chennai,OPEN
1913,21,SERVICE,Food,I want to offer support related to food for people in need,Coimbatore,OPEN
1914,198,DONATION,Healthcare,I want to offer support related to healthcare for people in need,Madurai,OPEN
1915,12,DONATION,Community Development,I want to offer support related to community development for people in need,Trichy,CLOSED
1916,148,DONATION,Food,I want to offer support related to food for people in need,Bangalore,CLOSED
1917,215,DONATION,Education,I want to offer support related to education for people in need,Madurai,CLOSED
1918,66,DONATION,Disaster Relief,I want to offer support related to disaster relief for people in need,Trichy,OPEN
1919,273,SERVICE,Clothing,I want to offer support related to clothing for people in need,Bangalore,CLOSED
1920,10,SERVICE,Clothing,I want to offer support related to clothing for people in need,Coimbatore,OPEN
1921,2,DONATION,Clothing,I want to offer support related to clothing for people in need,Trichy,CLOSED
1922,214,SERVICE,Education,I want to offer support related to education for people in need,Madurai,OPEN
1923,75,DONATION,Disaster Relief,I want to offer support related to disaster relief for people in need,Madurai,CLOSED
1924,88,DONATION,Community Development,I want to offer support related to community development for people in need,Chennai,OPEN
1925,237,DONATION,Clothing,I want to offer support related to clothing for people in need,Bangalore,CLOSED
1926,33,DONATION,Healthcare,I want to offer support related to healthcare for people in need,Chennai,CLOSED
1927,277,SERVICE,Disaster Relief,I want to offer support related to disaster relief for people in need,Chennai,OPEN
1928,33,SERVICE,Education,I want to offer support related to education for people in need,Chennai,CLOSED
1929,260,SERVICE,Clothing,I want to offer support related to clothing for people in need,Bangalore,CLOSED
1930,163,DONATION,Clothing,I want to offer support related to clothing for people in need,Chennai,OPEN
1931,74,SERVICE,Disaster Relief,I want to offer support related to disaster relief for people in need,Madurai,CLOSED
1932,181,SERVICE,Community Development,I want to offer support related to community development for people in need,Coimbatore,OPEN
1933,38,SERVICE,Healthcare,I want to offer support related to healthcare for people in need,Coimbatore,CLOSED
1934,156,DONATION,Community Development,I want to offer support related to community development for people in need,Bangalore,CLOSED
1935,154,SERVICE,Community Development,I want to offer support related to community development for people in need,Coimbatore,OPEN
1936,64,SERVICE,Food,I want to offer support related to food for people in need,Madurai,OPEN
1937,137,DONATION,Education,I want to offer support related to education for people in need,Trichy,OPEN
1938,164,DONATION,Healthcare,I want to offer support related to healthcare for people in need,Madurai,OPEN
1939,279,DONATION,Food,I want to offer support related to food for people in need,Madurai,OPEN
1940,63,SERVICE,Clothing,I want to offer support related to clothing for people in need,Bangalore,OPEN
1941,60,DONATION,Healthcare,I want to offer support related to healthcare for people in need,Trichy,CLOSED
1942,101,SERVICE,Education,I want to offer support related to education for people in need,Chennai,OPEN
1943,41,DONATION,Disaster Relief,I want to offer support related to disaster relief for people in need,Coimbatore,CLOSED
1944,231,SERVICE,Food,I want to offer support related to food for people in need,Trichy,CLOSED
1945,117,SERVICE,Healthcare,I want to offer support related to healthcare for people in need,Coimbatore,CLOSED
1946,26,SERVICE,Disaster Relief,I want to offer support related to disaster relief for people in need,Bangalore,OPEN
1947,204,SERVICE,Clothing,I want to offer support related to clothing for people in need,Madurai,CLOSED
1948,217,SERVICE,Disaster Relief,I want to offer support related to disaster relief for people in need,Bangalore,CLOSED
1949,271,DONATION,Food,I want to offer support related to food for people in need,Bangalore,OPEN
1950,38,SERVICE,Community Development,I want to offer support related to community development for people in need,Trichy,OPEN
1951,58,DONATION,Education,I want to offer support related to education for people in need,Coimbatore,OPEN
1952,182,SERVICE,Disaster Relief,I want to offer support related to disaster relief for people in need,Coimbatore,OPEN
1953,187,DONATION,Disaster Relief,I want to offer support related to disaster relief for people in need,Coimbatore,OPEN
1954,225,SERVICE,Education,I want to offer support related to education for people in need,Bangalore,OPEN
1955,286,SERVICE,Disaster Relief,I want to offer support related to disaster relief for people in need,Bangalore,OPEN
1956,211,DONATION,Education,I want to offer support related to education for people in need,Trichy,OPEN
1957,152,SERVICE,Disaster Relief,I want to offer support related to disaster relief for people in need,Bangalore,CLOSED
1958,113,DONATION,Healthcare,I want to offer support related to healthcare for people in need,Chennai,CLOSED
1959,183,DONATION,Community Development,I want to offer support related to community development for people in need,Chennai,OPEN
1960,178,SERVICE,Food,I want to offer support related to food for people in need,Chennai,CLOSED
1961,148,DONATION,Community Development,I want to offer support related to community development for people in need,Chennai,CLOSED
1962,177,DONATION,Healthcare,I want to offer support related to healthcare for people in need,Bangalore,OPEN
1963,216,SERVICE,Food,I want to offer support related to food for people in need,Madurai,OPEN
1964,152,DONATION,Community Development,I want to offer support related to community development for people in need,Bangalore,OPEN
1965,143,DONATION,Healthcare,I want to offer support related to healthcare for people in need,Bangalore,OPEN
1966,84,SERVICE,Food,I want to offer support related to food for people in need,Coimbatore,OPEN
1967,48,SERVICE,Clothing,I want to offer support related to clothing for people in need,Coimbatore,CLOSED
1968,158,SERVICE,Education,I want to offer support related to education for people in need,Madurai,OPEN
1969,176,DONATION,Healthcare,I want to offer support related to healthcare for people in need,Madurai,OPEN
1970,284,DONATION,Food,I want to offer support related to food for people in need,Chennai,CLOSED
1971,281,DONATION,Clothing,I want to offer support related to clothing for people in need,Bangalore,CLOSED
1972,274,DONATION,Disaster Relief,I want to offer support related to disaster relief for people in need,Bangalore,CLOSED
1973,283,SERVICE,Disaster Relief,I want to offer support related to disaster relief for people in need,Trichy,CLOSED
1974,36,DONATION,Clothing,I want to offer support related to clothing for people in need,Bangalore,OPEN
1975,54,DONATION,Healthcare,I want to offer support related to healthcare for people in need,Trichy,CLOSED
1976,110,DONATION,Healthcare,I want to offer support related to healthcare for people in need,Chennai,OPEN
1977,258,SERVICE,Food,I want to offer support related to food for people in need,Chennai,CLOSED
1978,112,DONATION,Community Development,I want to offer support related to community development for people in need,Chennai,CLOSED
1979,182,DONATION,Education,I want to offer support related to education for people in need,Madurai,CLOSED
1980,88,SERVICE,Healthcare,I want to offer support related to healthcare for people in need,Chennai,CLOSED
1981,75,DONATION,Disaster Relief,I want to offer support related to disaster relief for people in need,Trichy,CLOSED
1982,159,SERVICE,Education,I want to offer support related to education for people in need,Coimbatore,OPEN
1983,160,DONATION,Healthcare,I want to offer support related to healthcare for people in need,Chennai,CLOSED
1984,156,DONATION,Education,I want to offer support related to education for people in need,Bangalore,OPEN
1985,163,SERVICE,Clothing,I want to offer support related to clothing for people in need,Chennai,OPEN
1986,91,SERVICE,Clothing,I want to offer support related to clothing for people in need,Madurai,CLOSED
1987,196,DONATION,Education,I want to offer support related to education for people in need,Madurai,CLOSED
1988,268,SERVICE,Healthcare,I want to offer support related to healthcare for people in need,Bangalore,CLOSED
1989,283,DONATION,Community Development,I want to offer support related to community development for people in need,Madurai,CLOSED
1990,102,SERVICE,Healthcare,I want to offer support related to healthcare for people in need,Madurai,CLOSED
1991,191,SERVICE,Clothing,I want to offer support related to clothing for people in need,Bangalore,OPEN
1992,69,DONATION,Education,I want to offer support related to education for people in need,Trichy,CLOSED
1993,100,DONATION,Community Development,I want to offer support related to community development for people in need,Coimbatore,OPEN
1994,145,SERVICE,Education,I want to offer support related to education for people in need,Bangalore,OPEN
1995,35,SERVICE,Disaster Relief,I want to offer support related to disaster relief for people in need,Coimbatore,CLOSED
1996,119,SERVICE,Disaster Relief,I want to offer support related to disaster relief for people in need,Trichy,CLOSED
1997,275,SERVICE,Community Development,I want to offer support related to community development for people in need,Madurai,OPEN
1998,285,DONATION,Clothing,I want to offer support related to clothing for people in need,Coimbatore,CLOSED
1999,119,DONATION,Disaster Relief,I want to offer support related to disaster relief for people in need,Coimbatore,CLOSED
2000,158,DONATION,Community Development,I want to offer support related to community development for people in need,Coimbatore,CLOSED
